K,query,representation,procedural_work,pg_per_tuple_cost,semantic_valid,output_hash,scan_type,index_name,plan_signature,startup_cost,total_cost,estimated_rows,planning_time_ms,median_runtime_ms,iqr_runtime_ms,cv,ci_low_ms,ci_high_ms,high_variance,notes,index_scan_path_cost,bitmap_path_cost,seq_scan_path_cost,best_minus_second_best_cost
25,LOW,M1,505,20.2,True,06118a1f4309ae46e924a8234c8f59a5f6230dc7fcad840d6ff04e84cf069c6b,Index Scan,e3_population_expression_idx,90dc592e72c2659e52d4c5b06c4c3f2e5facc96546a449b70a932878eeab1c5a,0.29,444.78,5000,0.1035,21.1075,0.13350000000000506,0.06962604860055584,21.069000000000003,21.308,False,30-trial diagnostic not run; optional under protocol,444.783219377,,202224.0,-201779.216780623
25,LOW,M2,10,0.4,True,06118a1f4309ae46e924a8234c8f59a5f6230dc7fcad840d6ff04e84cf069c6b,Index Scan,e3_population_expression_idx,90dc592e72c2659e52d4c5b06c4c3f2e5facc96546a449b70a932878eeab1c5a,0.29,444.78,5000,0.1045,21.331,0.2552500000000002,0.2511122056151353,21.131,23.419,True,HIGH VARIANCE; runtime speedup claims prohibited; 30-trial diagnostic not run; optional under protocol,444.783219377,,4224.0,-3779.216780623
25,HIGH,M1,505,20.2,True,87bef57d7b1fcbc8676cf7f00a4ae9629136d29fdc95fd622c43bc5ec5f603fb,Index Scan,e3_population_expression_idx,53cb1932e002e51fde0eb4d757f44c7f9ef68c4eac464ff6016c5168d8c3562a,0.29,444.78,5000,0.0985,994.94,5.137000000000057,0.025902202618487843,994.405,1003.6510000000001,False,30-trial diagnostic not run; optional under protocol,444.783219377,,202224.0,-201779.216780623
25,HIGH,M2,1000,40.0,True,87bef57d7b1fcbc8676cf7f00a4ae9629136d29fdc95fd622c43bc5ec5f603fb,Index Scan,e3_population_expression_idx,53cb1932e002e51fde0eb4d757f44c7f9ef68c4eac464ff6016c5168d8c3562a,0.29,444.78,5000,0.0955,994.8125,0.5974999999999682,0.07796066068963223,993.4749999999999,1019.6634999999999,False,30-trial diagnostic not run; optional under protocol,444.783219377,,400224.0,-399779.216780623
50,LOW,M1,505,10.1,True,06118a1f4309ae46e924a8234c8f59a5f6230dc7fcad840d6ff04e84cf069c6b,Index Scan,e3_population_expression_idx,90dc592e72c2659e52d4c5b06c4c3f2e5facc96546a449b70a932878eeab1c5a,0.29,444.78,5000,0.1035,21.153,0.17075000000000173,0.06563154239246775,21.081000000000003,21.265500000000003,False,30-trial diagnostic not run; optional under protocol,444.783219377,,101224.0,-100779.216780623
50,LOW,M2,10,0.2,True,06118a1f4309ae46e924a8234c8f59a5f6230dc7fcad840d6ff04e84cf069c6b,Index Scan,e3_population_expression_idx,90dc592e72c2659e52d4c5b06c4c3f2e5facc96546a449b70a932878eeab1c5a,0.29,444.78,5000,0.10250000000000001,21.124000000000002,0.22800000000000153,0.00793927033600667,20.967,21.233,False,30-trial diagnostic not run; optional under protocol,444.783219377,,2224.0,-1779.216780623
50,HIGH,M1,505,10.1,True,87bef57d7b1fcbc8676cf7f00a4ae9629136d29fdc95fd622c43bc5ec5f603fb,Index Scan,e3_population_expression_idx,53cb1932e002e51fde0eb4d757f44c7f9ef68c4eac464ff6016c5168d8c3562a,0.29,444.78,5000,0.1085,995.1800000000001,26.615999999999985,0.05050680148554213,994.568,1032.4555,False,30-trial diagnostic not run; optional under protocol,444.783219377,,101224.0,-100779.216780623
50,HIGH,M2,1000,20.0,True,87bef57d7b1fcbc8676cf7f00a4ae9629136d29fdc95fd622c43bc5ec5f603fb,Index Scan,e3_population_expression_idx,53cb1932e002e51fde0eb4d757f44c7f9ef68c4eac464ff6016c5168d8c3562a,0.29,444.78,5000,0.108,994.798,5.551249999999982,0.05049728796701204,993.5360000000001,1051.1999999999998,False,30-trial diagnostic not run; optional under protocol,444.783219377,,200224.0,-199779.216780623
100,LOW,M1,505,5.05,True,06118a1f4309ae46e924a8234c8f59a5f6230dc7fcad840d6ff04e84cf069c6b,Index Scan,e3_population_expression_idx,90dc592e72c2659e52d4c5b06c4c3f2e5facc96546a449b70a932878eeab1c5a,0.29,444.78,5000,0.1045,21.227,0.30100000000000193,0.00979280472852819,21.0325,21.376,False,30-trial diagnostic not run; optional under protocol,444.783219377,,50724.0,-50279.216780623
100,LOW,M2,10,0.1,True,06118a1f4309ae46e924a8234c8f59a5f6230dc7fcad840d6ff04e84cf069c6b,Index Scan,e3_population_expression_idx,90dc592e72c2659e52d4c5b06c4c3f2e5facc96546a449b70a932878eeab1c5a,0.29,444.78,5000,0.10200000000000001,21.201,0.2527499999999989,0.24800757404442503,21.03,21.32,True,HIGH VARIANCE; runtime speedup claims prohibited; 30-trial diagnostic not run; optional under protocol,444.783219377,,1224.0,-779.216780623
100,HIGH,M1,505,5.05,True,87bef57d7b1fcbc8676cf7f00a4ae9629136d29fdc95fd622c43bc5ec5f603fb,Index Scan,e3_population_expression_idx,53cb1932e002e51fde0eb4d757f44c7f9ef68c4eac464ff6016c5168d8c3562a,0.29,444.78,5000,0.093,996.0730000000001,22.474500000000035,0.03500599352213926,993.877,1026.565,False,30-trial diagnostic not run; optional under protocol,444.783219377,,50724.0,-50279.216780623
100,HIGH,M2,1000,10.0,True,87bef57d7b1fcbc8676cf7f00a4ae9629136d29fdc95fd622c43bc5ec5f603fb,Index Scan,e3_population_expression_idx,53cb1932e002e51fde0eb4d757f44c7f9ef68c4eac464ff6016c5168d8c3562a,0.29,444.78,5000,0.1025,1007.578,61.67274999999995,0.05895671774002158,994.4615,1078.3184999999999,False,30-trial diagnostic not run; optional under protocol,444.783219377,,100224.0,-99779.216780623
200,LOW,M1,505,2.525,True,06118a1f4309ae46e924a8234c8f59a5f6230dc7fcad840d6ff04e84cf069c6b,Index Scan,e3_population_expression_idx,90dc592e72c2659e52d4c5b06c4c3f2e5facc96546a449b70a932878eeab1c5a,0.29,444.78,5000,0.103,21.1115,0.18125000000000213,0.06599953113119397,21.064,21.283,False,30-trial diagnostic not run; optional under protocol,444.783219377,,25474.0,-25029.216780623
200,LOW,M2,10,0.05,True,06118a1f4309ae46e924a8234c8f59a5f6230dc7fcad840d6ff04e84cf069c6b,Index Scan,e3_population_expression_idx,90dc592e72c2659e52d4c5b06c4c3f2e5facc96546a449b70a932878eeab1c5a,0.29,444.78,5000,0.0985,21.1405,0.23199999999999932,0.027457352526830892,21.008499999999998,21.403,False,30-trial diagnostic not run; optional under protocol,444.783219377,,724.0,-279.216780623
200,HIGH,M1,505,2.525,True,87bef57d7b1fcbc8676cf7f00a4ae9629136d29fdc95fd622c43bc5ec5f603fb,Index Scan,e3_population_expression_idx,53cb1932e002e51fde0eb4d757f44c7f9ef68c4eac464ff6016c5168d8c3562a,0.29,444.78,5000,0.107,995.3005,13.903499999999894,0.06564575052378882,993.904,1044.591,False,30-trial diagnostic not run; optional under protocol,444.783219377,,25474.0,-25029.216780623
200,HIGH,M2,1000,5.0,True,87bef57d7b1fcbc8676cf7f00a4ae9629136d29fdc95fd622c43bc5ec5f603fb,Index Scan,e3_population_expression_idx,53cb1932e002e51fde0eb4d757f44c7f9ef68c4eac464ff6016c5168d8c3562a,0.29,444.78,5000,0.093,996.5865,51.341249999999945,0.07068308386169771,993.772,1061.469,False,30-trial diagnostic not run; optional under protocol,444.783219377,,50224.0,-49779.216780623
400,LOW,M1,505,1.2625,True,06118a1f4309ae46e924a8234c8f59a5f6230dc7fcad840d6ff04e84cf069c6b,Index Scan,e3_population_expression_idx,90dc592e72c2659e52d4c5b06c4c3f2e5facc96546a449b70a932878eeab1c5a,0.29,444.78,5000,0.1015,21.2265,0.28200000000000003,0.190044415078512,21.022,21.386000000000003,True,HIGH VARIANCE; runtime speedup claims prohibited; 30-trial diagnostic not run; optional under protocol,444.783219377,,12849.0,-12404.216780622999
400,LOW,M2,10,0.025,True,06118a1f4309ae46e924a8234c8f59a5f6230dc7fcad840d6ff04e84cf069c6b,Bitmap Heap Scan,e3_population_expression_idx,360968da2eeaa0506df7cf6ff7f05a2bce5169153021506237a138326d1ea27f,135.53,409.53,5000,0.1005,19.552,0.21075000000000088,0.2771353524067022,19.475,21.125,True,HIGH VARIANCE; runtime speedup claims prohibited; 30-trial diagnostic not run; optional under protocol,,409.535,474.0,-64.46499999999997
400,HIGH,M1,505,1.2625,True,87bef57d7b1fcbc8676cf7f00a4ae9629136d29fdc95fd622c43bc5ec5f603fb,Index Scan,e3_population_expression_idx,53cb1932e002e51fde0eb4d757f44c7f9ef68c4eac464ff6016c5168d8c3562a,0.29,444.78,5000,0.099,995.337,24.58325000000002,0.09292948763913901,993.5095,1026.453,False,30-trial diagnostic not run; optional under protocol,444.783219377,,12849.0,-12404.216780622999
400,HIGH,M2,1000,2.5,True,87bef57d7b1fcbc8676cf7f00a4ae9629136d29fdc95fd622c43bc5ec5f603fb,Index Scan,e3_population_expression_idx,53cb1932e002e51fde0eb4d757f44c7f9ef68c4eac464ff6016c5168d8c3562a,0.29,444.78,5000,0.1,994.999,41.990749999999935,0.055959655033776895,993.933,1048.165,False,30-trial diagnostic not run; optional under protocol,444.783219377,,25224.0,-24779.216780623
800,LOW,M1,505,0.63125,True,06118a1f4309ae46e924a8234c8f59a5f6230dc7fcad840d6ff04e84cf069c6b,Index Scan,e3_population_expression_idx,90dc592e72c2659e52d4c5b06c4c3f2e5facc96546a449b70a932878eeab1c5a,0.29,444.78,5000,0.1025,21.2715,0.40575000000000117,0.08692944524385193,21.104,23.595,False,30-trial diagnostic not run; optional under protocol,444.783219377,,6536.5,-6091.716780623
800,LOW,M2,10,0.0125,True,06118a1f4309ae46e924a8234c8f59a5f6230dc7fcad840d6ff04e84cf069c6b,Seq Scan,,98b88408a58947ad980b8fd95e5b82dd04316fa70b49a8d0dbfffc3a63a68d6b,0.0,349.0,5000,0.10200000000000001,38.799,4.018500000000003,0.16213657255221023,38.676500000000004,43.902,True,HIGH VARIANCE; runtime speedup claims prohibited; 30-trial diagnostic not run; optional under protocol,,,349.0,
800,HIGH,M1,505,0.63125,True,87bef57d7b1fcbc8676cf7f00a4ae9629136d29fdc95fd622c43bc5ec5f603fb,Index Scan,e3_population_expression_idx,53cb1932e002e51fde0eb4d757f44c7f9ef68c4eac464ff6016c5168d8c3562a,0.29,444.78,5000,0.101,995.1659999999999,20.262249999999995,0.05986671457895801,994.276,1065.9575,False,30-trial diagnostic not run; optional under protocol,444.783219377,,6536.5,-6091.716780623
800,HIGH,M2,1000,1.25,True,87bef57d7b1fcbc8676cf7f00a4ae9629136d29fdc95fd622c43bc5ec5f603fb,Index Scan,e3_population_expression_idx,53cb1932e002e51fde0eb4d757f44c7f9ef68c4eac464ff6016c5168d8c3562a,0.29,444.78,5000,0.0995,995.079,8.87299999999982,0.05389996282630555,994.557,1030.0320000000002,False,30-trial diagnostic not run; optional under protocol,444.783219377,,12724.0,-12279.216780622999
1600,LOW,M1,505,0.315625,True,06118a1f4309ae46e924a8234c8f59a5f6230dc7fcad840d6ff04e84cf069c6b,Index Scan,e3_population_expression_idx,90dc592e72c2659e52d4c5b06c4c3f2e5facc96546a449b70a932878eeab1c5a,0.29,444.78,5000,0.1065,21.179000000000002,0.4377500000000012,0.07059903635384988,20.9585,22.3915,False,30-trial diagnostic not run; optional under protocol,444.783219377,,3380.25,-2935.466780623
1600,LOW,M2,10,0.00625,True,06118a1f4309ae46e924a8234c8f59a5f6230dc7fcad840d6ff04e84cf069c6b,Seq Scan,,98b88408a58947ad980b8fd95e5b82dd04316fa70b49a8d0dbfffc3a63a68d6b,0.0,286.5,5000,0.1015,38.6755,0.16474999999999795,0.04402367710691037,38.608999999999995,38.8065,False,30-trial diagnostic not run; optional under protocol,,,286.5,
1600,HIGH,M1,505,0.315625,True,87bef57d7b1fcbc8676cf7f00a4ae9629136d29fdc95fd622c43bc5ec5f603fb,Index Scan,e3_population_expression_idx,53cb1932e002e51fde0eb4d757f44c7f9ef68c4eac464ff6016c5168d8c3562a,0.29,444.78,5000,0.102,995.756,54.043750000000045,0.039220670676192504,994.636,1049.3075,False,30-trial diagnostic not run; optional under protocol,444.783219377,,3380.25,-2935.466780623
1600,HIGH,M2,1000,0.625,True,87bef57d7b1fcbc8676cf7f00a4ae9629136d29fdc95fd622c43bc5ec5f603fb,Index Scan,e3_population_expression_idx,53cb1932e002e51fde0eb4d757f44c7f9ef68c4eac464ff6016c5168d8c3562a,0.29,444.78,5000,0.107,995.5965,24.927499999999895,0.041545195459920616,994.573,1049.7875,False,30-trial diagnostic not run; optional under protocol,444.783219377,,6474.0,-6029.216780623
3200,LOW,M1,505,0.1578125,True,06118a1f4309ae46e924a8234c8f59a5f6230dc7fcad840d6ff04e84cf069c6b,Index Scan,e3_population_expression_idx,90dc592e72c2659e52d4c5b06c4c3f2e5facc96546a449b70a932878eeab1c5a,0.29,444.78,5000,0.099,21.121499999999997,0.37675000000000125,0.011004559586177205,20.915,21.345,False,30-trial diagnostic not run; optional under protocol,444.783219377,,1802.125,-1357.341780623
3200,LOW,M2,10,0.003125,True,06118a1f4309ae46e924a8234c8f59a5f6230dc7fcad840d6ff04e84cf069c6b,Seq Scan,,98b88408a58947ad980b8fd95e5b82dd04316fa70b49a8d0dbfffc3a63a68d6b,0.0,255.25,5000,0.098,38.69,0.1869999999999976,0.003629230208884352,38.506,38.746,False,30-trial diagnostic not run; optional under protocol,,,255.25,
3200,HIGH,M1,505,0.1578125,True,87bef57d7b1fcbc8676cf7f00a4ae9629136d29fdc95fd622c43bc5ec5f603fb,Index Scan,e3_population_expression_idx,53cb1932e002e51fde0eb4d757f44c7f9ef68c4eac464ff6016c5168d8c3562a,0.29,444.78,5000,0.1035,996.6165,36.43175000000008,0.06163660632225642,994.759,1064.6615000000002,False,30-trial diagnostic not run; optional under protocol,444.783219377,,1802.125,-1357.341780623
3200,HIGH,M2,1000,0.3125,True,87bef57d7b1fcbc8676cf7f00a4ae9629136d29fdc95fd622c43bc5ec5f603fb,Index Scan,e3_population_expression_idx,53cb1932e002e51fde0eb4d757f44c7f9ef68c4eac464ff6016c5168d8c3562a,0.29,444.78,5000,0.109,994.921,1.3872499999999945,0.03918168871764666,994.457,996.125,False,30-trial diagnostic not run; optional under protocol,444.783219377,,3349.0,-2904.216780623
6400,LOW,M1,505,0.07890625,True,06118a1f4309ae46e924a8234c8f59a5f6230dc7fcad840d6ff04e84cf069c6b,Index Scan,e3_population_expression_idx,90dc592e72c2659e52d4c5b06c4c3f2e5facc96546a449b70a932878eeab1c5a,0.29,444.78,5000,0.0985,21.2605,0.16325000000000145,0.23733333811146745,21.0735,21.3655,True,HIGH VARIANCE; runtime speedup claims prohibited; 30-trial diagnostic not run; optional under protocol,444.783219377,,1013.0625,-568.279280623
6400,LOW,M2,10,0.0015625,True,06118a1f4309ae46e924a8234c8f59a5f6230dc7fcad840d6ff04e84cf069c6b,Seq Scan,,98b88408a58947ad980b8fd95e5b82dd04316fa70b49a8d0dbfffc3a63a68d6b,0.0,239.62,5000,0.1,38.7805,0.17975000000000563,0.08433429251334176,38.697500000000005,41.504,False,30-trial diagnostic not run; optional under protocol,,,239.625,
6400,HIGH,M1,505,0.07890625,True,87bef57d7b1fcbc8676cf7f00a4ae9629136d29fdc95fd622c43bc5ec5f603fb,Index Scan,e3_population_expression_idx,53cb1932e002e51fde0eb4d757f44c7f9ef68c4eac464ff6016c5168d8c3562a,0.29,444.78,5000,0.10250000000000001,995.323,43.831249999999955,0.05454670825346929,994.654,1061.8029999999999,False,30-trial diagnostic not run; optional under protocol,444.783219377,,1013.0625,-568.279280623
6400,HIGH,M2,1000,0.15625,True,87bef57d7b1fcbc8676cf7f00a4ae9629136d29fdc95fd622c43bc5ec5f603fb,Index Scan,e3_population_expression_idx,53cb1932e002e51fde0eb4d757f44c7f9ef68c4eac464ff6016c5168d8c3562a,0.29,444.78,5000,0.1015,995.8779999999999,46.49975000000006,0.08674333886763674,995.15,1099.7905,False,30-trial diagnostic not run; optional under protocol,444.783219377,,1786.5,-1341.716780623
