workload_id,benchmark,original_query,procedure/UDF,procedural_language,procedural_constructs,branching,loops,SQL_inside_procedure,relational_access,nested_queries,multiple_functions,side_effects,supported_by_prism,reason_supported_or_not,baseline_executable,selective_exposure_executable,full_exposure_available,semantic_validation_possible,representation_interest
smoke_isListDistinct,PRISM unit test,synthetic scalar calls,isListDistinct,PL/pgSQL,"assignment; WHILE; IF; early RETURN",yes,yes,no,no,no,no,no,yes,Canonical artifact SQLLogicTest passes,yes,yes,no,yes,loop outlining smoke
tpch_q1,TPC-H,Q1,"discount_price; discount_taxprice; isShippedBefore",PL/pgSQL,"arithmetic; IF",yes,no,no,LINEITEM,no,yes,no,yes,Released UDF and query are present,not_tested,not_tested,yes,yes,multiple function calls
tpch_q3,TPC-H,Q3,"discount_price; q3conditions",PL/pgSQL,"nested calls; IF; early RETURN",yes,no,no,"CUSTOMER; ORDERS; LINEITEM",no,yes,no,yes,Released UDF and query are present,not_tested,not_tested,yes,yes,predicate plus joins
tpch_q5,TPC-H,Q5,"discount_price; q5Conditions",PL/pgSQL,"date arithmetic; IF; early RETURN",yes,no,no,"six TPC-H tables",no,yes,no,yes,Released UDF and query are present,not_tested,not_tested,yes,yes,predicate plus many joins
tpch_q6,TPC-H,Q6,q6conditions,PL/pgSQL,"assignments; sequential IF; early RETURN",yes,no,no,LINEITEM,no,no,no,yes,Released source compiles and exact pair passed,yes,yes,yes,yes,predicate visibility
tpch_q7,TPC-H,Q7,q7conditions,PL/pgSQL,"IF; ELSIF; early RETURN",yes,no,no,"six TPC-H tables",yes,no,no,yes,Released UDF and query are present,not_tested,not_tested,yes,yes,disjunctive predicate plus joins
tpch_q9,TPC-H,Q9,profit_amount,PL/pgSQL,arithmetic,no,no,no,"six TPC-H tables",yes,no,no,yes,Released UDF and query are present,not_tested,not_tested,yes,yes,scalar projection
tpch_q10,TPC-H,Q10,q10conditions,PL/pgSQL,"date arithmetic; IF; early RETURN",yes,no,no,"four TPC-H tables",no,no,no,yes,Released UDF and query are present,not_tested,not_tested,yes,yes,predicate plus joins
tpch_q12,TPC-H,Q12,"line_count; q12conditions",PL/pgSQL,"nested IF; mode branch",yes,no,no,"ORDERS; LINEITEM",no,yes,no,yes,Released UDF and query are present,not_tested,not_tested,yes,yes,predicate and conditional aggregates
tpch_q14,TPC-H,Q14,"promo_disc; discount_price",PL/pgSQL,"IF/ELSE; nested call",yes,no,no,"LINEITEM; PART",no,yes,no,yes,Released UDF and query are present,not_tested,not_tested,yes,yes,conditional projection
tpch_q19,TPC-H,Q19,"q19conditions; discount_price",PL/pgSQL,"nested IF; conjunctions; IN; BETWEEN",yes,no,no,"LINEITEM; PART",no,yes,no,partial,Source compiles but generated function fails exact semantics,yes,yes,yes,no,complex predicate and semantic boundary
getManufact_complex,SQL ProcBench-style released sample,synthetic generate_series,getManufact_complex,PL/pgSQL,"IF/ELSE; assignments; SELECT expressions",yes,no,yes,generate_series,yes,no,no,partial,Query motion and two outlines succeed but residual is not registered,not_available,no,no,no,query motion and residual boundary
OrdersByCustomer,PRISM Aggify sample,synthetic orders,OrdersByCustomer,PL/pgSQL,cursor FOR loop,no,yes,yes,orders,no,no,no,partial,Aggify requires constrained cursor loop and separate aggregate build path,not_tested,not_tested,no,conditional,cursor-loop boundary
unsupported_samples,PRISM unsupported corpus,none,multiple,PL/pgSQL,"CASE; array; FOREACH; exception forms",yes,yes,varies,varies,varies,varies,varies,no,Repository labels samples unsupported,no,no,no,no,explicit artifact boundary
