cell,variant,K_B,udf_calls,plan_signature,median_ms,iqr_ms,cv,ci_low_ms,ci_high_ms,trials,high_variance
R0,R0,,6001215,166e40545af19bce263f17bd4ee221def4b6666ee1527fd680b33c265f8c1e7d,1926.2580990000001,63.613108499999726,0.02128748591965331,1911.2216825,1988.962173,10,False
R1_K0.25,R1,0.25,6001215,166e40545af19bce263f17bd4ee221def4b6666ee1527fd680b33c265f8c1e7d,1919.377578,80.07562800000005,0.027187786659410466,1902.891444,1997.897757,10,False
R1_K0.5,R1,0.5,6001215,166e40545af19bce263f17bd4ee221def4b6666ee1527fd680b33c265f8c1e7d,1972.700212,54.53838900000028,0.021026419398390693,1915.350698,1983.826301,10,False
R1_K1,R1,1.0,6001215,166e40545af19bce263f17bd4ee221def4b6666ee1527fd680b33c265f8c1e7d,1930.8756125,59.81742800000029,0.020302399393731935,1897.685214,1975.1957495000001,10,False
R1_K2,R1,2.0,6001215,166e40545af19bce263f17bd4ee221def4b6666ee1527fd680b33c265f8c1e7d,1952.091878,47.36701200000016,0.019319569514364313,1920.1177400000001,1981.4093309999998,10,False
R1_K4,R1,4.0,6001215,166e40545af19bce263f17bd4ee221def4b6666ee1527fd680b33c265f8c1e7d,1967.873784,74.76424874999975,0.08383137694759467,1914.969436,1999.5901425,10,False
R2_K0.25,R2,0.25,6001215,2bfbaeb1ee2d814ef15533819f9ad9a92108ddb29be98366d1668ff12d99f665,1985.0217524999998,88.19594925000001,0.023971602996720676,1940.946188,2039.072691,10,False
R2_K0.5,R2,0.5,6001215,2bfbaeb1ee2d814ef15533819f9ad9a92108ddb29be98366d1668ff12d99f665,1983.5520695,54.83794624999996,0.02166386791187164,1931.301214,2000.9840385,10,False
R2_K1,R2,1.0,6001215,2bfbaeb1ee2d814ef15533819f9ad9a92108ddb29be98366d1668ff12d99f665,1986.989066,48.92898349999996,0.023233469872050962,1933.9974,2003.1251795,10,False
R2_K2,R2,2.0,6001215,2bfbaeb1ee2d814ef15533819f9ad9a92108ddb29be98366d1668ff12d99f665,1982.3005185000002,47.91234775000021,0.024340763455365864,1950.6042400000001,2019.345223,10,False
R2_K4,R2,4.0,6001215,2bfbaeb1ee2d814ef15533819f9ad9a92108ddb29be98366d1668ff12d99f665,1957.2938045,91.15333624999994,0.025775640990763078,1914.656783,2019.1641085,10,False
R4A,R4A,,0,166e40545af19bce263f17bd4ee221def4b6666ee1527fd680b33c265f8c1e7d,9049.591241,257.8546729999998,0.02269675246709314,9017.237435,9351.58816,10,False
