cell,variant,K_B,result_hash,result_rows,gate_udf_calls,plan_capture_ms,support_elapsed_ns,nodes_preorder,relations_preorder,conditions,contains_q10_probe,signature
R0,R0,,87064913aebd4d6537017223f3108b6d17b3800e6b5350f3aca3abf7432f24f4,20,6001215,1.564506,0,"['Limit', 'Sort', 'Aggregate', 'Incremental Sort', 'Merge Join', 'Nested Loop', 'Index Scan', 'Memoize', 'Index Scan', 'Sort', 'Hash Join', 'Seq Scan', 'Hash', 'Seq Scan']","['customer', 'nation', 'lineitem', 'orders']","['Index Cond:(n.n_nationkey = c.c_nationkey)', 'Join Filter:q10_probe(o.o_orderdate, l.l_returnflag)', 'Hash Cond:(l.l_orderkey = o.o_orderkey)']",True,166e40545af19bce263f17bd4ee221def4b6666ee1527fd680b33c265f8c1e7d
R4A,R4A,,87064913aebd4d6537017223f3108b6d17b3800e6b5350f3aca3abf7432f24f4,20,0,1.074111,0,"['Limit', 'Sort', 'Aggregate', 'Incremental Sort', 'Merge Join', 'Nested Loop', 'Index Scan', 'Memoize', 'Index Scan', 'Sort', 'Hash Join', 'Seq Scan', 'Hash', 'Seq Scan']","['customer', 'nation', 'lineitem', 'orders']","['Index Cond:(n.n_nationkey = c.c_nationkey)', 'Join Filter:q10_probe(o.o_orderdate, l.l_returnflag)', 'Hash Cond:(l.l_orderkey = o.o_orderkey)']",True,166e40545af19bce263f17bd4ee221def4b6666ee1527fd680b33c265f8c1e7d
R1_K0.25,R1,0.25,87064913aebd4d6537017223f3108b6d17b3800e6b5350f3aca3abf7432f24f4,20,6001215,1.048128,0,"['Limit', 'Sort', 'Aggregate', 'Incremental Sort', 'Merge Join', 'Nested Loop', 'Index Scan', 'Memoize', 'Index Scan', 'Sort', 'Hash Join', 'Seq Scan', 'Hash', 'Seq Scan']","['customer', 'nation', 'lineitem', 'orders']","['Index Cond:(n.n_nationkey = c.c_nationkey)', 'Join Filter:q10_probe(o.o_orderdate, l.l_returnflag)', 'Hash Cond:(l.l_orderkey = o.o_orderkey)']",True,166e40545af19bce263f17bd4ee221def4b6666ee1527fd680b33c265f8c1e7d
R1_K0.5,R1,0.5,87064913aebd4d6537017223f3108b6d17b3800e6b5350f3aca3abf7432f24f4,20,6001215,1.068371,0,"['Limit', 'Sort', 'Aggregate', 'Incremental Sort', 'Merge Join', 'Nested Loop', 'Index Scan', 'Memoize', 'Index Scan', 'Sort', 'Hash Join', 'Seq Scan', 'Hash', 'Seq Scan']","['customer', 'nation', 'lineitem', 'orders']","['Index Cond:(n.n_nationkey = c.c_nationkey)', 'Join Filter:q10_probe(o.o_orderdate, l.l_returnflag)', 'Hash Cond:(l.l_orderkey = o.o_orderkey)']",True,166e40545af19bce263f17bd4ee221def4b6666ee1527fd680b33c265f8c1e7d
R1_K1,R1,1.0,87064913aebd4d6537017223f3108b6d17b3800e6b5350f3aca3abf7432f24f4,20,6001215,1.035846,0,"['Limit', 'Sort', 'Aggregate', 'Incremental Sort', 'Merge Join', 'Nested Loop', 'Index Scan', 'Memoize', 'Index Scan', 'Sort', 'Hash Join', 'Seq Scan', 'Hash', 'Seq Scan']","['customer', 'nation', 'lineitem', 'orders']","['Index Cond:(n.n_nationkey = c.c_nationkey)', 'Join Filter:q10_probe(o.o_orderdate, l.l_returnflag)', 'Hash Cond:(l.l_orderkey = o.o_orderkey)']",True,166e40545af19bce263f17bd4ee221def4b6666ee1527fd680b33c265f8c1e7d
R1_K2,R1,2.0,87064913aebd4d6537017223f3108b6d17b3800e6b5350f3aca3abf7432f24f4,20,6001215,0.919801,0,"['Limit', 'Sort', 'Aggregate', 'Incremental Sort', 'Merge Join', 'Nested Loop', 'Index Scan', 'Memoize', 'Index Scan', 'Sort', 'Hash Join', 'Seq Scan', 'Hash', 'Seq Scan']","['customer', 'nation', 'lineitem', 'orders']","['Index Cond:(n.n_nationkey = c.c_nationkey)', 'Join Filter:q10_probe(o.o_orderdate, l.l_returnflag)', 'Hash Cond:(l.l_orderkey = o.o_orderkey)']",True,166e40545af19bce263f17bd4ee221def4b6666ee1527fd680b33c265f8c1e7d
R1_K4,R1,4.0,87064913aebd4d6537017223f3108b6d17b3800e6b5350f3aca3abf7432f24f4,20,6001215,0.947884,0,"['Limit', 'Sort', 'Aggregate', 'Incremental Sort', 'Merge Join', 'Nested Loop', 'Index Scan', 'Memoize', 'Index Scan', 'Sort', 'Hash Join', 'Seq Scan', 'Hash', 'Seq Scan']","['customer', 'nation', 'lineitem', 'orders']","['Index Cond:(n.n_nationkey = c.c_nationkey)', 'Join Filter:q10_probe(o.o_orderdate, l.l_returnflag)', 'Hash Cond:(l.l_orderkey = o.o_orderkey)']",True,166e40545af19bce263f17bd4ee221def4b6666ee1527fd680b33c265f8c1e7d
R2_K0.25,R2,0.25,87064913aebd4d6537017223f3108b6d17b3800e6b5350f3aca3abf7432f24f4,20,6001215,0.928521,221,"['Limit', 'Sort', 'Aggregate', 'Hash Join', 'Hash Join', 'Hash Join', 'Seq Scan', 'Hash', 'Seq Scan', 'Hash', 'Seq Scan', 'Hash', 'Seq Scan']","['lineitem', 'orders', 'customer', 'nation']","['Hash Cond:(c.c_nationkey = n.n_nationkey)', 'Hash Cond:(o.o_custkey = c.c_custkey)', 'Join Filter:q10_probe(o.o_orderdate, l.l_returnflag)', 'Hash Cond:(l.l_orderkey = o.o_orderkey)']",True,2bfbaeb1ee2d814ef15533819f9ad9a92108ddb29be98366d1668ff12d99f665
R2_K0.5,R2,0.5,87064913aebd4d6537017223f3108b6d17b3800e6b5350f3aca3abf7432f24f4,20,6001215,0.961524,193,"['Limit', 'Sort', 'Aggregate', 'Hash Join', 'Hash Join', 'Hash Join', 'Seq Scan', 'Hash', 'Seq Scan', 'Hash', 'Seq Scan', 'Hash', 'Seq Scan']","['lineitem', 'orders', 'customer', 'nation']","['Hash Cond:(c.c_nationkey = n.n_nationkey)', 'Hash Cond:(o.o_custkey = c.c_custkey)', 'Join Filter:q10_probe(o.o_orderdate, l.l_returnflag)', 'Hash Cond:(l.l_orderkey = o.o_orderkey)']",True,2bfbaeb1ee2d814ef15533819f9ad9a92108ddb29be98366d1668ff12d99f665
R2_K1,R2,1.0,87064913aebd4d6537017223f3108b6d17b3800e6b5350f3aca3abf7432f24f4,20,6001215,0.99667,224,"['Limit', 'Sort', 'Aggregate', 'Hash Join', 'Hash Join', 'Hash Join', 'Seq Scan', 'Hash', 'Seq Scan', 'Hash', 'Seq Scan', 'Hash', 'Seq Scan']","['lineitem', 'orders', 'customer', 'nation']","['Hash Cond:(c.c_nationkey = n.n_nationkey)', 'Hash Cond:(o.o_custkey = c.c_custkey)', 'Join Filter:q10_probe(o.o_orderdate, l.l_returnflag)', 'Hash Cond:(l.l_orderkey = o.o_orderkey)']",True,2bfbaeb1ee2d814ef15533819f9ad9a92108ddb29be98366d1668ff12d99f665
R2_K2,R2,2.0,87064913aebd4d6537017223f3108b6d17b3800e6b5350f3aca3abf7432f24f4,20,6001215,1.13912,229,"['Limit', 'Sort', 'Aggregate', 'Hash Join', 'Hash Join', 'Hash Join', 'Seq Scan', 'Hash', 'Seq Scan', 'Hash', 'Seq Scan', 'Hash', 'Seq Scan']","['lineitem', 'orders', 'customer', 'nation']","['Hash Cond:(c.c_nationkey = n.n_nationkey)', 'Hash Cond:(o.o_custkey = c.c_custkey)', 'Join Filter:q10_probe(o.o_orderdate, l.l_returnflag)', 'Hash Cond:(l.l_orderkey = o.o_orderkey)']",True,2bfbaeb1ee2d814ef15533819f9ad9a92108ddb29be98366d1668ff12d99f665
R2_K4,R2,4.0,87064913aebd4d6537017223f3108b6d17b3800e6b5350f3aca3abf7432f24f4,20,6001215,0.973758,255,"['Limit', 'Sort', 'Aggregate', 'Hash Join', 'Hash Join', 'Hash Join', 'Seq Scan', 'Hash', 'Seq Scan', 'Hash', 'Seq Scan', 'Hash', 'Seq Scan']","['lineitem', 'orders', 'customer', 'nation']","['Hash Cond:(c.c_nationkey = n.n_nationkey)', 'Hash Cond:(o.o_custkey = c.c_custkey)', 'Join Filter:q10_probe(o.o_orderdate, l.l_returnflag)', 'Hash Cond:(l.l_orderkey = o.o_orderkey)']",True,2bfbaeb1ee2d814ef15533819f9ad9a92108ddb29be98366d1668ff12d99f665
