id,value,flag,loop_count,retained,lookup_key
0,459382,1,1,1,0
1,943314,1,1,1,1
2,542718,0,1,1,2
3,473418,1,1,1,3
4,126883,0,1,1,4
5,259948,0,1,1,5
6,235613,1,1,1,6
7,67137,0,1,1,7
8,354509,1,1,1,8
9,22057,0,1,1,9
10,616887,0,1,1,10
11,580829,1,1,1,11
12,241293,0,1,1,12
13,617025,0,1,1,13
14,230915,0,1,1,14
15,7541,1,1,1,15
16,74442,1,1,1,0
17,742226,0,1,1,1
18,661760,0,1,1,2
19,61734,1,1,1,3
20,240063,1,1,1,4
21,70675,1,1,1,5
22,949402,1,1,1,6
23,32939,0,1,1,7
24,901394,0,1,1,8
25,346480,1,1,1,9
26,74300,0,1,1,10
27,539132,1,1,1,11
28,249566,0,1,1,12
29,292005,1,1,1,13
30,701475,1,1,1,14
31,508994,1,1,1,15
32,224644,0,1,1,0
33,565428,0,1,1,1
34,138740,0,1,1,2
35,758491,1,1,1,3
36,980958,0,1,1,4
37,925246,0,1,1,5
38,598783,0,1,1,6
39,604202,1,1,1,7
40,495632,1,1,1,8
41,254802,1,1,1,9
42,822734,1,1,1,10
43,495949,1,1,1,11
44,846722,1,1,1,12
45,426834,0,1,1,13
46,199660,0,1,1,14
47,98908,0,1,1,15
48,101640,1,1,1,0
49,690994,1,1,1,1
50,451990,0,1,1,2
51,371508,1,1,1,3
52,444155,1,1,1,4
53,431072,0,1,1,5
54,489711,1,1,1,6
55,905799,1,1,1,7
56,764492,0,1,1,8
57,56803,0,1,1,9
58,706074,1,1,1,10
59,685198,0,1,1,11
60,677569,1,1,1,12
61,103199,1,1,1,13
62,63557,1,1,1,14
63,422180,0,1,1,15
64,763588,0,1,1,0
65,355785,1,1,1,1
66,839483,0,1,1,2
67,903530,1,1,1,3
68,114577,0,1,1,4
69,260736,1,1,1,5
70,200897,1,1,1,6
71,199449,0,1,1,7
72,562337,0,1,1,8
73,470406,0,1,1,9
74,146992,0,1,1,10
75,442375,0,1,1,11
76,192402,1,1,1,12
77,292076,0,1,1,13
78,485101,0,1,1,14
79,261942,0,1,1,15
80,916965,0,1,1,0
81,968115,1,1,1,1
82,79047,1,1,1,2
83,464657,0,1,1,3
84,847273,0,1,1,4
85,903190,1,1,1,5
86,897547,0,1,1,6
87,577058,0,1,1,7
88,102665,1,1,1,8
89,53046,0,1,1,9
90,683824,0,1,1,10
91,566848,1,1,1,11
92,876639,1,1,1,12
93,15475,1,1,1,13
94,97794,1,1,1,14
95,971367,1,1,1,15
96,790171,0,1,1,0
97,889922,1,1,1,1
98,247862,1,1,1,2
99,174390,0,1,1,3
