R,Lambda,loop_bounds,expected_udf_invocations,observed_udf_invocations,expected_loop_iterations,observed_loop_iterations,estimated_total_plan_cost,function_cost,successful_trials,failed_or_timeout_trials,status,median_runtime_ms,mean_runtime_ms,std_runtime_ms,coefficient_of_variation,median_bootstrap_95_lower_ms,median_bootstrap_95_upper_ms,runtime_per_R_ms,runtime_per_R_Lambda_ms
100,1,[1],100,100,100,100,27.51,100.0,10,0,ok,0.4722885,0.46052609999999994,0.030512057545428753,0.06625478457231579,0.4407225,0.477642,0.004722885,0.004722885
100,10,[10],100,100,1000,1000,27.51,100.0,10,0,ok,0.8383240000000001,0.829178,0.030524303963308397,0.036812727741580696,0.807402,0.8465875,0.00838324,0.0008383240000000001
100,100,"[10, 10]",100,100,10000,10000,27.51,100.0,10,0,ok,5.1472215,5.0863211999999995,0.13063118788473804,0.025682842814712146,4.93472,5.201940499999999,0.051472214999999995,0.00051472215
100,960,"[8, 10, 12]",100,100,96000,96000,27.51,100.0,10,0,ok,44.613693,44.7892984,0.5013999588980178,0.011194637487289102,44.36204,45.108017000000004,0.44613693,0.00046472596874999996
100,2000,"[10, 10, 20]",100,100,200000,200000,27.51,100.0,10,0,ok,86.81993499999999,87.87065720000001,2.415341630526775,0.02748746518453005,86.727634,87.893314,0.8681993499999998,0.0004340996749999999
1000,1,[1],1000,1000,1000,1000,275.01,100.0,10,0,ok,3.6804724999999996,3.6700652,0.04148118259805686,0.011302573752111232,3.640231,3.7002715,0.0036804724999999995,0.0036804724999999995
1000,10,[10],1000,1000,10000,10000,275.01,100.0,10,0,ok,7.326029,7.323484499999999,0.059648835274556014,0.00814487082952876,7.278959,7.364907,0.007326029,0.0007326029
1000,100,"[10, 10]",1000,1000,100000,100000,275.01,100.0,10,0,ok,48.3944705,51.9259999,5.856520420359278,0.11278589592184778,48.1796245,60.173643,0.048394470499999995,0.000483944705
1000,960,"[8, 10, 12]",1000,1000,960000,960000,275.01,100.0,10,0,ok,438.4820065,437.61439,3.2341823641214864,0.007390484495085928,434.5755275,439.7622675,0.4384820065,0.0004567520901041667
1000,2000,"[10, 10, 20]",1000,1000,2000000,2000000,275.01,100.0,10,0,ok,872.744597,873.0120774000001,3.2087516133662106,0.0036754951007350297,870.345644,875.9376525,0.872744597,0.0004363722985
10000,1,[1],10000,10000,10000,10000,2744.01,100.0,10,0,ok,35.705022,35.7240615,0.3045289227012959,0.008524476498880058,35.482296,35.8014555,0.0035705021999999998,0.0035705021999999998
10000,10,[10],10000,10000,100000,100000,2744.01,100.0,10,0,ok,72.108075,72.07460569999999,0.2548562333796361,0.0035360059330804793,71.8971935,72.2761855,0.0072108075,0.00072108075
10000,100,"[10, 10]",10000,10000,1000000,1000000,2744.01,100.0,10,0,ok,480.32030199999997,480.21645959999995,2.06996430612019,0.004310481793656932,478.77952,481.531939,0.0480320302,0.000480320302
10000,960,"[8, 10, 12]",10000,10000,9600000,9600000,2744.01,100.0,10,0,ok,4351.2432069999995,4361.4411439000005,34.14609983019492,0.007829086465594598,4338.637365,4384.7344765,0.43512432069999996,0.0004532545007291666
10000,2000,"[10, 10, 20]",10000,10000,20000000,20000000,2744.01,100.0,10,0,ok,8726.36022,8741.6769136,49.38134796842809,0.0056489559676590525,8698.044621,8796.25507,0.872636022,0.000436318011
