R,rho,Lambda,loop_bounds,function_cost,estimated_total_plan_cost,plan_signature,observed_placement,observed_udf_invocations,observed_loop_iterations,result_checksum,successful_trials,failed_or_timeout_trials,status,median_runtime_ms,mean_runtime_ms,std_runtime_ms,coefficient_of_variation,median_bootstrap_95_lower_ms,median_bootstrap_95_upper_ms
10000,0.01,1,[1],10.0,222.01,Aggregate > Seq Scan,filter_before_udf,100,100,107169090252,10,0,ok,1.150609,1.1731612,0.10789639962873851,0.09197065128708527,1.118981,1.166991
10000,0.01,1,[1],100.0,244.51,Aggregate > Seq Scan,filter_before_udf,100,100,107169090252,10,0,ok,1.1594630000000001,1.1977309999999999,0.12273042656253674,0.10246910747282717,1.1208155,1.2808665000000001
10000,0.01,1,[1],1000.0,469.51,Aggregate > Seq Scan,filter_before_udf,100,100,107169090252,10,0,ok,1.1783815,1.1951836,0.09419920993204892,0.0788156814836222,1.1424444999999999,1.197495
10000,0.01,1,[1],10000.0,2719.51,Aggregate > Seq Scan,filter_before_udf,100,100,107169090252,10,0,ok,1.1597795,1.1749002000000002,0.09743088621262651,0.0829269466569386,1.1265175,1.1697989999999998
10000,0.01,100,"[10, 10]",10.0,222.01,Aggregate > Seq Scan,filter_before_udf,100,10000,116152576068,10,0,ok,5.637364,5.6621942,0.12509881833423614,0.02209369970642055,5.612204999999999,5.6724215000000004
10000,0.01,100,"[10, 10]",100.0,244.51,Aggregate > Seq Scan,filter_before_udf,100,10000,116152576068,10,0,ok,5.672751,5.7041491,0.127217130375547,0.0223025604950521,5.621936,5.717692
10000,0.01,100,"[10, 10]",1000.0,469.51,Aggregate > Seq Scan,filter_before_udf,100,10000,116152576068,10,0,ok,5.647249499999999,5.6764797,0.11302640966709208,0.01991135627017077,5.6191145,5.7108360000000005
10000,0.01,100,"[10, 10]",10000.0,2719.51,Aggregate > Seq Scan,filter_before_udf,100,10000,116152576068,10,0,ok,5.672763,5.7195876,0.12804453029248164,0.02238702145107134,5.637637,5.7495125
10000,0.01,960,"[8, 10, 12]",10.0,222.01,Aggregate > Seq Scan,filter_before_udf,100,96000,110278546424,10,0,ok,44.473845499999996,44.6614761,0.6265053411620245,0.014027869113847414,44.165934,45.1890455
10000,0.01,960,"[8, 10, 12]",100.0,244.51,Aggregate > Seq Scan,filter_before_udf,100,96000,110278546424,10,0,ok,44.646652,45.03195530000001,1.1431595488291841,0.025385518821324286,44.389085,45.2040905
10000,0.01,960,"[8, 10, 12]",1000.0,469.51,Aggregate > Seq Scan,filter_before_udf,100,96000,110278546424,10,0,ok,44.2490495,44.3426357,0.25414950271403114,0.0057314929232777,44.182519,44.452689500000005
10000,0.01,960,"[8, 10, 12]",10000.0,2719.51,Aggregate > Seq Scan,filter_before_udf,100,96000,110278546424,10,0,ok,44.7836095,45.1490234,1.1810991575440046,0.02616001562381535,44.503375,45.308201
10000,0.1,1,[1],10.0,249.01,Aggregate > Seq Scan,filter_before_udf,1000,1000,1072693098041,10,0,ok,4.4193315,4.423419,0.05383250116591078,0.012169885142219353,4.389966,4.459891000000001
10000,0.1,1,[1],100.0,474.01,Aggregate > Seq Scan,filter_before_udf,1000,1000,1072693098041,10,0,ok,4.4063675,4.4041195,0.053123907876355916,0.012062322077399561,4.362404,4.44722
10000,0.1,1,[1],1000.0,2724.01,Aggregate > Seq Scan,filter_before_udf,1000,1000,1072693098041,10,0,ok,4.3712225,4.3861362999999995,0.06365449958094083,0.014512658801994099,4.3379,4.428115
10000,0.1,1,[1],10000.0,25224.01,Aggregate > Seq Scan,filter_before_udf,1000,1000,1072693098041,10,0,ok,4.3277909999999995,4.3406155,0.06200340050934478,0.014284471985446483,4.280518,4.387073
10000,0.1,100,"[10, 10]",10.0,249.01,Aggregate > Seq Scan,filter_before_udf,1000,100000,1087300364829,10,0,ok,49.229004,49.2260899,0.598787446616995,0.012164026186792362,48.730756,49.3541355
10000,0.1,100,"[10, 10]",100.0,474.01,Aggregate > Seq Scan,filter_before_udf,1000,100000,1087300364829,10,0,ok,49.102323999999996,49.2619095,0.7997598873242799,0.016234853570267712,48.956252,49.188239
10000,0.1,100,"[10, 10]",1000.0,2724.01,Aggregate > Seq Scan,filter_before_udf,1000,100000,1087300364829,10,0,ok,48.6403435,48.719984,0.27753285433220065,0.005696489028654046,48.478947,48.973798
10000,0.1,100,"[10, 10]",10000.0,25224.01,Aggregate > Seq Scan,filter_before_udf,1000,100000,1087300364829,10,0,ok,48.6260625,48.7791521,0.3139096615038058,0.0064353242725554835,48.56529,49.097558
10000,0.1,960,"[8, 10, 12]",10.0,249.01,Aggregate > Seq Scan,filter_before_udf,1000,960000,1072911147349,10,0,ok,436.705697,438.2420715,8.623107129972112,0.019676584451276517,433.785799,437.788957
10000,0.1,960,"[8, 10, 12]",100.0,474.01,Aggregate > Seq Scan,filter_before_udf,1000,960000,1072911147349,10,0,ok,436.3931695,438.26718170000004,6.719288232390244,0.015331488445762041,434.5168535,439.322723
10000,0.1,960,"[8, 10, 12]",1000.0,2724.01,Aggregate > Seq Scan,filter_before_udf,1000,960000,1072911147349,10,0,ok,434.160106,434.4637482,1.7160353377950246,0.003949777961693294,432.825007,436.118321
10000,0.1,960,"[8, 10, 12]",10000.0,25224.01,Aggregate > Seq Scan,filter_before_udf,1000,960000,1072911147349,10,0,ok,435.9269635,436.06921270000004,1.7171952385814686,0.003937896069179361,434.158875,437.555216
10000,0.5,1,[1],10.0,369.01,Aggregate > Seq Scan,filter_before_udf,5000,5000,5417953555976,10,0,ok,18.659703,18.789058,0.39525252138235734,0.021036313868548245,18.574782,18.820994499999998
10000,0.5,1,[1],100.0,1494.01,Aggregate > Seq Scan,filter_before_udf,5000,5000,5417953555976,10,0,ok,18.6777095,18.7596837,0.31441799728636166,0.016760303761750615,18.619771,18.737142
10000,0.5,1,[1],1000.0,12744.01,Aggregate > Seq Scan,filter_before_udf,5000,5000,5417953555976,10,0,ok,18.517696,18.8267636,0.7003686365769887,0.03720069213473253,18.445226,19.217281999999997
10000,0.5,1,[1],10000.0,125244.01,Aggregate > Seq Scan,filter_before_udf,5000,5000,5417953555976,10,0,ok,18.7478605,18.8785553,0.3548284431687606,0.018795317625218952,18.6406095,19.041608
10000,0.5,100,"[10, 10]",10.0,369.01,Aggregate > Seq Scan,filter_before_udf,5000,500000,5364225345848,10,0,ok,241.832508,242.0626577,0.756200661504757,0.003123987271270702,241.582022,242.675635
10000,0.5,100,"[10, 10]",100.0,1494.01,Aggregate > Seq Scan,filter_before_udf,5000,500000,5364225345848,10,0,ok,241.71321849999998,241.62309420000003,0.890287137866555,0.003684611112254165,241.172883,242.299541
10000,0.5,100,"[10, 10]",1000.0,12744.01,Aggregate > Seq Scan,filter_before_udf,5000,500000,5364225345848,10,0,ok,243.0202165,243.3095042,3.165189344534592,0.0130089013782742,240.848177,244.889531
10000,0.5,100,"[10, 10]",10000.0,125244.01,Aggregate > Seq Scan,filter_before_udf,5000,500000,5364225345848,10,0,ok,241.33491800000002,241.1101673,1.0629078029198034,0.004408390632475014,240.3523505,241.953221
10000,0.5,960,"[8, 10, 12]",10.0,369.01,Aggregate > Seq Scan,filter_before_udf,5000,4800000,5359661161312,10,0,ok,2191.11716,2204.4685959000003,29.361095854672893,0.013318899579372724,2181.300783,2230.43023
10000,0.5,960,"[8, 10, 12]",100.0,1494.01,Aggregate > Seq Scan,filter_before_udf,5000,4800000,5359661161312,10,0,ok,2180.571809,2180.9785033,15.119944789224446,0.006932642741020476,2167.92053,2189.635561
10000,0.5,960,"[8, 10, 12]",1000.0,12744.01,Aggregate > Seq Scan,filter_before_udf,5000,4800000,5359661161312,10,0,ok,2179.116097,2179.888079,9.204562282787231,0.004222493058914164,2175.731606,2183.735482
10000,0.5,960,"[8, 10, 12]",10000.0,125244.01,Aggregate > Seq Scan,filter_before_udf,5000,4800000,5359661161312,10,0,ok,2174.5437030000003,2176.8830398,9.092541404310438,0.0041768626233340544,2170.7339115,2181.805522
