scale,phase,block,position,representation,elapsed_ms,udf_calls,udf_work_units
confirmation,warmup,0,0,M1,162.606386,40713,40713000
confirmation,warmup,0,1,M2,14.078846,1584,1584000
confirmation,warmup,1,0,M2,13.024118,1584,1584000
confirmation,warmup,1,1,M1,163.796512,40713,40713000
confirmation,warmup,2,0,M2,13.870185,1584,1584000
confirmation,warmup,2,1,M1,162.233654,40713,40713000
confirmation,measured,3,0,M2,13.584181,1584,1584000
confirmation,measured,3,1,M1,162.878061,40713,40713000
confirmation,measured,4,0,M1,164.551844,40713,40713000
confirmation,measured,4,1,M2,15.755341,1584,1584000
confirmation,measured,5,0,M1,165.181937,40713,40713000
confirmation,measured,5,1,M2,15.693895,1584,1584000
confirmation,measured,6,0,M2,13.55136,1584,1584000
confirmation,measured,6,1,M1,162.343194,40713,40713000
confirmation,measured,7,0,M1,162.347083,40713,40713000
confirmation,measured,7,1,M2,13.494883,1584,1584000
confirmation,measured,8,0,M2,12.694437,1584,1584000
confirmation,measured,8,1,M1,163.386289,40713,40713000
confirmation,measured,9,0,M1,162.472028,40713,40713000
confirmation,measured,9,1,M2,14.104581,1584,1584000
confirmation,measured,10,0,M2,12.923825,1584,1584000
confirmation,measured,10,1,M1,163.892908,40713,40713000
confirmation,measured,11,0,M1,165.073048,40713,40713000
confirmation,measured,11,1,M2,15.424728,1584,1584000
confirmation,measured,12,0,M1,163.827508,40713,40713000
confirmation,measured,12,1,M2,13.798198,1584,1584000
confirmation,measured,13,0,M2,13.254218,1584,1584000
confirmation,measured,13,1,M1,162.297753,40713,40713000
confirmation,measured,14,0,M2,13.159017,1584,1584000
confirmation,measured,14,1,M1,162.16401,40713,40713000
confirmation,measured,15,0,M2,13.067719,1584,1584000
confirmation,measured,15,1,M1,163.11309,40713,40713000
confirmation,measured,16,0,M1,162.271012,40713,40713000
confirmation,measured,16,1,M2,14.434211,1584,1584000
confirmation,measured,17,0,M2,14.129391,1584,1584000
confirmation,measured,17,1,M1,164.674721,40713,40713000
confirmation,measured,18,0,M2,14.834343,1584,1584000
confirmation,measured,18,1,M1,162.345094,40713,40713000
confirmation,measured,19,0,M1,162.471202,40713,40713000
confirmation,measured,19,1,M2,13.701292,1584,1584000
confirmation,measured,20,0,M1,161.783549,40713,40713000
confirmation,measured,20,1,M2,13.568656,1584,1584000
confirmation,measured,21,0,M1,162.029365,40713,40713000
confirmation,measured,21,1,M2,13.230877,1584,1584000
confirmation,measured,22,0,M2,13.062166,1584,1584000
confirmation,measured,22,1,M1,162.881166,40713,40713000
heldout_2x,warmup,0,0,M1,328.38302,81600,81600000
heldout_2x,warmup,0,1,M2,31.649295,3198,3198000
heldout_2x,warmup,1,0,M1,328.066665,81600,81600000
heldout_2x,warmup,1,1,M2,30.919309,3198,3198000
heldout_2x,warmup,2,0,M1,333.355488,81600,81600000
heldout_2x,warmup,2,1,M2,34.786509,3198,3198000
heldout_2x,measured,3,0,M2,29.154416,3198,3198000
heldout_2x,measured,3,1,M1,330.922173,81600,81600000
heldout_2x,measured,4,0,M1,329.695622,81600,81600000
heldout_2x,measured,4,1,M2,32.940543,3198,3198000
heldout_2x,measured,5,0,M2,29.284493,3198,3198000
heldout_2x,measured,5,1,M1,332.10916,81600,81600000
heldout_2x,measured,6,0,M1,331.636602,81600,81600000
heldout_2x,measured,6,1,M2,34.044354,3198,3198000
heldout_2x,measured,7,0,M1,327.760881,81600,81600000
heldout_2x,measured,7,1,M2,30.369229,3198,3198000
heldout_2x,measured,8,0,M2,28.31694,3198,3198000
heldout_2x,measured,8,1,M1,331.222929,81600,81600000
heldout_2x,measured,9,0,M2,33.680037,3198,3198000
heldout_2x,measured,9,1,M1,327.079714,81600,81600000
heldout_2x,measured,10,0,M1,328.343479,81600,81600000
heldout_2x,measured,10,1,M2,31.712974,3198,3198000
heldout_2x,measured,11,0,M1,330.263177,81600,81600000
heldout_2x,measured,11,1,M2,33.745832,3198,3198000
heldout_2x,measured,12,0,M1,327.550903,81600,81600000
heldout_2x,measured,12,1,M2,29.953654,3198,3198000
heldout_2x,measured,13,0,M1,328.503783,81600,81600000
heldout_2x,measured,13,1,M2,31.366621,3198,3198000
heldout_2x,measured,14,0,M1,331.934506,81600,81600000
heldout_2x,measured,14,1,M2,34.00204,3198,3198000
heldout_2x,measured,15,0,M2,28.14416,3198,3198000
heldout_2x,measured,15,1,M1,327.760962,81600,81600000
heldout_2x,measured,16,0,M2,31.09507,3198,3198000
heldout_2x,measured,16,1,M1,326.976317,81600,81600000
heldout_2x,measured,17,0,M2,29.932544,3198,3198000
heldout_2x,measured,17,1,M1,329.91365,81600,81600000
heldout_2x,measured,18,0,M1,330.180564,81600,81600000
heldout_2x,measured,18,1,M2,33.53546,3198,3198000
heldout_2x,measured,19,0,M1,329.651524,81600,81600000
heldout_2x,measured,19,1,M2,32.348588,3198,3198000
heldout_2x,measured,20,0,M2,28.767355,3198,3198000
heldout_2x,measured,20,1,M1,333.00072,81600,81600000
heldout_2x,measured,21,0,M2,34.37368,3198,3198000
heldout_2x,measured,21,1,M1,330.226398,81600,81600000
heldout_2x,measured,22,0,M1,341.929948,81600,81600000
heldout_2x,measured,22,1,M2,37.400094,3198,3198000
