system,H,work_positive,work_negative,exact_work_ratio_positive_negative,median_runtime_positive_ms,median_runtime_negative_ms,runtime_ratio_positive_negative,kappa_T,sqrt_kappa_T,paired_trial_ratio_median,paired_ratio_bootstrap_95_lower,paired_ratio_bootstrap_95_upper,runtime_direction_positive_slower
sqlite,20,100000,50000,2.0,24.02244,16.067925000000002,1.4950555221038184,1.4950555221038184,1.2227246305296293,1.4984192947760884,1.4907610558059445,1.5104302580292723,True
sqlite,100,500000,50000,10.0,91.6668445,16.513568499999998,5.551001559717393,5.551001559717393,2.3560563575002598,5.550838234987715,5.529880075348656,5.590899251593032,True
sqlite,1000,5000000,50000,100.0,891.5691260000001,16.911318,52.72026260756258,52.72026260756258,7.260872028039234,52.96610696639844,51.74681320803406,53.995610156809164,True
duckdb,20,100000,50000,2.0,1785.6362285,1762.2757485,1.0132558596575387,1.0132558596575387,1.006606109487489,1.0121021476247762,0.9885629331514987,1.2224081763058692,True
duckdb,100,500000,50000,10.0,1855.450315,1272.804235,1.4577656673180381,1.4577656673180381,1.2073796699125086,1.0720431662652627,1.0553764635936702,1.4959845043487063,True
duckdb,1000,5000000,50000,100.0,2418.687465,1742.844567,1.3877815100650912,1.3877815100650912,1.1780413872462594,1.534441058188583,1.2353141033041555,1.9105599686144092,True
postgresql,20,100000,50000,2.0,38.4783305,29.5612115,1.301649308249765,1.301649308249765,1.1408984653551626,1.302266671120976,1.2795729496634933,1.3216411786755538,True
postgresql,100,500000,50000,10.0,113.0346895,29.2104955,3.869660119254054,3.869660119254054,1.9671451698474247,3.8799805016062674,3.8001393044208083,3.9242385924644,True
postgresql,1000,5000000,50000,100.0,1041.8582864999998,29.8583175,34.89340236602414,34.89340236602414,5.907063768576071,35.03608331903966,34.70234117216328,35.894821761074795,True
