run_id,block,position,case_id,variant,planning_time_ms,diagnostic_execution_time_ms,plan_node_count,visible_relational_operators,expression_size_bytes,parse_bind_time,compilation_time,optimizer_memory,search_timeout
task3-r4-pg14-20260903T021000Z,1,1,CONTROLLED_PK,lower,0.051,117.955,2,2,295,NOT_AVAILABLE,NOT_AVAILABLE,NOT_AVAILABLE,NO
task3-r4-pg14-20260903T021000Z,1,2,UDFBENCH_Q14_CLEANDATE,lower,1.481,748.726,15,15,2557,NOT_AVAILABLE,NOT_AVAILABLE,NOT_AVAILABLE,NO
task3-r4-pg14-20260903T021000Z,1,3,Q14_GROUNDED_TABLE,higher,0.51,33.263,8,8,349,NOT_AVAILABLE,NOT_AVAILABLE,NOT_AVAILABLE,NO
task3-r4-pg14-20260903T021000Z,1,4,UDFBENCH_Q14_CLEANDATE,higher,1.8,490.383,15,15,7736,NOT_AVAILABLE,NOT_AVAILABLE,NOT_AVAILABLE,NO
task3-r4-pg14-20260903T021000Z,1,5,Q14_GROUNDED_TABLE,lower,0.039,76.048,2,2,111,NOT_AVAILABLE,NOT_AVAILABLE,NOT_AVAILABLE,NO
task3-r4-pg14-20260903T021000Z,1,6,CONTROLLED_PK,higher,0.063,0.023,2,2,122,NOT_AVAILABLE,NOT_AVAILABLE,NOT_AVAILABLE,NO
task3-r4-pg14-20260903T021000Z,2,1,UDFBENCH_Q14_CLEANDATE,lower,1.422,754.18,15,15,2557,NOT_AVAILABLE,NOT_AVAILABLE,NOT_AVAILABLE,NO
task3-r4-pg14-20260903T021000Z,2,2,CONTROLLED_PK,higher,0.067,0.022,2,2,122,NOT_AVAILABLE,NOT_AVAILABLE,NOT_AVAILABLE,NO
task3-r4-pg14-20260903T021000Z,2,3,CONTROLLED_PK,lower,0.018,113.228,2,2,295,NOT_AVAILABLE,NOT_AVAILABLE,NOT_AVAILABLE,NO
task3-r4-pg14-20260903T021000Z,2,4,Q14_GROUNDED_TABLE,higher,0.487,33.372,8,8,349,NOT_AVAILABLE,NOT_AVAILABLE,NOT_AVAILABLE,NO
task3-r4-pg14-20260903T021000Z,2,5,UDFBENCH_Q14_CLEANDATE,higher,1.667,487.384,15,15,7736,NOT_AVAILABLE,NOT_AVAILABLE,NOT_AVAILABLE,NO
task3-r4-pg14-20260903T021000Z,2,6,Q14_GROUNDED_TABLE,lower,0.03,75.948,2,2,111,NOT_AVAILABLE,NOT_AVAILABLE,NOT_AVAILABLE,NO
task3-r4-pg14-20260903T021000Z,3,1,CONTROLLED_PK,higher,0.064,0.023,2,2,122,NOT_AVAILABLE,NOT_AVAILABLE,NOT_AVAILABLE,NO
task3-r4-pg14-20260903T021000Z,3,2,Q14_GROUNDED_TABLE,higher,0.456,31.914,8,8,349,NOT_AVAILABLE,NOT_AVAILABLE,NOT_AVAILABLE,NO
task3-r4-pg14-20260903T021000Z,3,3,Q14_GROUNDED_TABLE,lower,0.023,73.098,2,2,111,NOT_AVAILABLE,NOT_AVAILABLE,NOT_AVAILABLE,NO
task3-r4-pg14-20260903T021000Z,3,4,CONTROLLED_PK,lower,0.036,111.816,2,2,295,NOT_AVAILABLE,NOT_AVAILABLE,NOT_AVAILABLE,NO
task3-r4-pg14-20260903T021000Z,3,5,UDFBENCH_Q14_CLEANDATE,lower,1.458,736.453,15,15,2557,NOT_AVAILABLE,NOT_AVAILABLE,NOT_AVAILABLE,NO
task3-r4-pg14-20260903T021000Z,3,6,UDFBENCH_Q14_CLEANDATE,higher,1.707,526.77,15,15,7736,NOT_AVAILABLE,NOT_AVAILABLE,NOT_AVAILABLE,NO
task3-r4-pg14-20260903T021000Z,4,1,CONTROLLED_PK,higher,0.073,0.029,2,2,122,NOT_AVAILABLE,NOT_AVAILABLE,NOT_AVAILABLE,NO
task3-r4-pg14-20260903T021000Z,4,2,UDFBENCH_Q14_CLEANDATE,lower,1.783,754.722,15,15,2557,NOT_AVAILABLE,NOT_AVAILABLE,NOT_AVAILABLE,NO
task3-r4-pg14-20260903T021000Z,4,3,Q14_GROUNDED_TABLE,higher,0.495,33.254,8,8,349,NOT_AVAILABLE,NOT_AVAILABLE,NOT_AVAILABLE,NO
task3-r4-pg14-20260903T021000Z,4,4,CONTROLLED_PK,lower,0.035,111.932,2,2,295,NOT_AVAILABLE,NOT_AVAILABLE,NOT_AVAILABLE,NO
task3-r4-pg14-20260903T021000Z,4,5,UDFBENCH_Q14_CLEANDATE,higher,1.671,496.171,15,15,7736,NOT_AVAILABLE,NOT_AVAILABLE,NOT_AVAILABLE,NO
task3-r4-pg14-20260903T021000Z,4,6,Q14_GROUNDED_TABLE,lower,0.033,76.814,2,2,111,NOT_AVAILABLE,NOT_AVAILABLE,NOT_AVAILABLE,NO
task3-r4-pg14-20260903T021000Z,5,1,CONTROLLED_PK,lower,0.046,111.946,2,2,295,NOT_AVAILABLE,NOT_AVAILABLE,NOT_AVAILABLE,NO
task3-r4-pg14-20260903T021000Z,5,2,UDFBENCH_Q14_CLEANDATE,lower,1.448,738.949,15,15,2557,NOT_AVAILABLE,NOT_AVAILABLE,NOT_AVAILABLE,NO
task3-r4-pg14-20260903T021000Z,5,3,Q14_GROUNDED_TABLE,lower,0.057,92.181,2,2,111,NOT_AVAILABLE,NOT_AVAILABLE,NOT_AVAILABLE,NO
task3-r4-pg14-20260903T021000Z,5,4,UDFBENCH_Q14_CLEANDATE,higher,2.085,498.45,15,15,7736,NOT_AVAILABLE,NOT_AVAILABLE,NOT_AVAILABLE,NO
task3-r4-pg14-20260903T021000Z,5,5,Q14_GROUNDED_TABLE,higher,0.507,33.253,8,8,349,NOT_AVAILABLE,NOT_AVAILABLE,NOT_AVAILABLE,NO
task3-r4-pg14-20260903T021000Z,5,6,CONTROLLED_PK,higher,0.055,0.023,2,2,122,NOT_AVAILABLE,NOT_AVAILABLE,NOT_AVAILABLE,NO
task3-r4-pg14-20260903T021000Z,6,1,CONTROLLED_PK,higher,0.031,0.016,2,2,122,NOT_AVAILABLE,NOT_AVAILABLE,NOT_AVAILABLE,NO
task3-r4-pg14-20260903T021000Z,6,2,CONTROLLED_PK,lower,0.02,112.523,2,2,295,NOT_AVAILABLE,NOT_AVAILABLE,NOT_AVAILABLE,NO
task3-r4-pg14-20260903T021000Z,6,3,UDFBENCH_Q14_CLEANDATE,lower,1.435,738.302,15,15,2557,NOT_AVAILABLE,NOT_AVAILABLE,NOT_AVAILABLE,NO
task3-r4-pg14-20260903T021000Z,6,4,Q14_GROUNDED_TABLE,higher,0.504,33.58,8,8,349,NOT_AVAILABLE,NOT_AVAILABLE,NOT_AVAILABLE,NO
task3-r4-pg14-20260903T021000Z,6,5,UDFBENCH_Q14_CLEANDATE,higher,1.707,490.315,15,15,7736,NOT_AVAILABLE,NOT_AVAILABLE,NOT_AVAILABLE,NO
task3-r4-pg14-20260903T021000Z,6,6,Q14_GROUNDED_TABLE,lower,0.033,75.622,2,2,111,NOT_AVAILABLE,NOT_AVAILABLE,NOT_AVAILABLE,NO
task3-r4-pg14-20260903T021000Z,7,1,CONTROLLED_PK,higher,0.063,0.023,2,2,122,NOT_AVAILABLE,NOT_AVAILABLE,NOT_AVAILABLE,NO
task3-r4-pg14-20260903T021000Z,7,2,UDFBENCH_Q14_CLEANDATE,lower,1.423,730.883,15,15,2557,NOT_AVAILABLE,NOT_AVAILABLE,NOT_AVAILABLE,NO
task3-r4-pg14-20260903T021000Z,7,3,CONTROLLED_PK,lower,0.049,111.7,2,2,295,NOT_AVAILABLE,NOT_AVAILABLE,NOT_AVAILABLE,NO
task3-r4-pg14-20260903T021000Z,7,4,Q14_GROUNDED_TABLE,lower,0.024,74.93,2,2,111,NOT_AVAILABLE,NOT_AVAILABLE,NOT_AVAILABLE,NO
task3-r4-pg14-20260903T021000Z,7,5,Q14_GROUNDED_TABLE,higher,0.474,31.729,8,8,349,NOT_AVAILABLE,NOT_AVAILABLE,NOT_AVAILABLE,NO
task3-r4-pg14-20260903T021000Z,7,6,UDFBENCH_Q14_CLEANDATE,higher,1.675,492.456,15,15,7736,NOT_AVAILABLE,NOT_AVAILABLE,NOT_AVAILABLE,NO
task3-r4-pg14-20260903T021000Z,8,1,Q14_GROUNDED_TABLE,higher,0.504,33.336,8,8,349,NOT_AVAILABLE,NOT_AVAILABLE,NOT_AVAILABLE,NO
task3-r4-pg14-20260903T021000Z,8,2,CONTROLLED_PK,lower,0.04,112.019,2,2,295,NOT_AVAILABLE,NOT_AVAILABLE,NOT_AVAILABLE,NO
task3-r4-pg14-20260903T021000Z,8,3,UDFBENCH_Q14_CLEANDATE,lower,1.439,730.175,15,15,2557,NOT_AVAILABLE,NOT_AVAILABLE,NOT_AVAILABLE,NO
task3-r4-pg14-20260903T021000Z,8,4,CONTROLLED_PK,higher,0.066,0.024,2,2,122,NOT_AVAILABLE,NOT_AVAILABLE,NOT_AVAILABLE,NO
task3-r4-pg14-20260903T021000Z,8,5,Q14_GROUNDED_TABLE,lower,0.017,75.678,2,2,111,NOT_AVAILABLE,NOT_AVAILABLE,NOT_AVAILABLE,NO
task3-r4-pg14-20260903T021000Z,8,6,UDFBENCH_Q14_CLEANDATE,higher,1.675,493.552,15,15,7736,NOT_AVAILABLE,NOT_AVAILABLE,NOT_AVAILABLE,NO
task3-r4-pg14-20260903T021000Z,9,1,Q14_GROUNDED_TABLE,lower,0.032,75.682,2,2,111,NOT_AVAILABLE,NOT_AVAILABLE,NOT_AVAILABLE,NO
task3-r4-pg14-20260903T021000Z,9,2,UDFBENCH_Q14_CLEANDATE,lower,1.456,731.956,15,15,2557,NOT_AVAILABLE,NOT_AVAILABLE,NOT_AVAILABLE,NO
task3-r4-pg14-20260903T021000Z,9,3,CONTROLLED_PK,higher,0.067,0.023,2,2,122,NOT_AVAILABLE,NOT_AVAILABLE,NOT_AVAILABLE,NO
task3-r4-pg14-20260903T021000Z,9,4,UDFBENCH_Q14_CLEANDATE,higher,1.683,514.352,15,15,7736,NOT_AVAILABLE,NOT_AVAILABLE,NOT_AVAILABLE,NO
task3-r4-pg14-20260903T021000Z,9,5,CONTROLLED_PK,lower,0.048,114.73,2,2,295,NOT_AVAILABLE,NOT_AVAILABLE,NOT_AVAILABLE,NO
task3-r4-pg14-20260903T021000Z,9,6,Q14_GROUNDED_TABLE,higher,0.522,34.612,8,8,349,NOT_AVAILABLE,NOT_AVAILABLE,NOT_AVAILABLE,NO
task3-r4-pg14-20260903T021000Z,10,1,Q14_GROUNDED_TABLE,lower,0.025,76.587,2,2,111,NOT_AVAILABLE,NOT_AVAILABLE,NOT_AVAILABLE,NO
task3-r4-pg14-20260903T021000Z,10,2,Q14_GROUNDED_TABLE,higher,0.519,32.921,8,8,349,NOT_AVAILABLE,NOT_AVAILABLE,NOT_AVAILABLE,NO
task3-r4-pg14-20260903T021000Z,10,3,UDFBENCH_Q14_CLEANDATE,lower,1.501,729.826,15,15,2557,NOT_AVAILABLE,NOT_AVAILABLE,NOT_AVAILABLE,NO
task3-r4-pg14-20260903T021000Z,10,4,CONTROLLED_PK,lower,0.048,112.042,2,2,295,NOT_AVAILABLE,NOT_AVAILABLE,NOT_AVAILABLE,NO
task3-r4-pg14-20260903T021000Z,10,5,CONTROLLED_PK,higher,0.063,0.025,2,2,122,NOT_AVAILABLE,NOT_AVAILABLE,NOT_AVAILABLE,NO
task3-r4-pg14-20260903T021000Z,10,6,UDFBENCH_Q14_CLEANDATE,higher,1.706,489.866,15,15,7736,NOT_AVAILABLE,NOT_AVAILABLE,NOT_AVAILABLE,NO
