run_id,timestamp_ns,phase,block,position,seed,case_id,variant,timeout_seconds,status,wall_time_ms,row_count,output_sha256,error
task3-r4-pg14-20260903T021000Z,1788400927908629876,warmup,1,1,20260902,Q14_GROUNDED_TABLE,higher,60,PASS,32.789319,1,c47f5589fd446dd9249814f1ad958d2d3161a6436f414f2e73eaa84ebd1bc198,
task3-r4-pg14-20260903T021000Z,1788400928022271471,warmup,1,2,20260902,CONTROLLED_PK,lower,60,PASS,113.534584,1,043f347c2cdc0d8ce70c38775d24e556c0290acf6d0c87a3a52aa85471cb8d02,
task3-r4-pg14-20260903T021000Z,1788400928100433456,warmup,1,3,20260902,Q14_GROUNDED_TABLE,lower,60,PASS,78.063311,1,c47f5589fd446dd9249814f1ad958d2d3161a6436f414f2e73eaa84ebd1bc198,
task3-r4-pg14-20260903T021000Z,1788400928100701637,warmup,1,4,20260902,CONTROLLED_PK,higher,60,PASS,0.202775,1,043f347c2cdc0d8ce70c38775d24e556c0290acf6d0c87a3a52aa85471cb8d02,
task3-r4-pg14-20260903T021000Z,1788400928888552818,warmup,1,5,20260902,UDFBENCH_Q14_CLEANDATE,lower,60,PASS,753.856544,6631,0eae7c555b19b73e6181af9ce8b9f1e123ba16ec1f7fa6e7cb0caf5d69d6a5c2,
task3-r4-pg14-20260903T021000Z,1788400929433788557,warmup,1,6,20260902,UDFBENCH_Q14_CLEANDATE,higher,60,PASS,512.448607,6631,0eae7c555b19b73e6181af9ce8b9f1e123ba16ec1f7fa6e7cb0caf5d69d6a5c2,
task3-r4-pg14-20260903T021000Z,1788400930239137580,warmup,2,1,20260902,UDFBENCH_Q14_CLEANDATE,lower,60,PASS,772.125107,6631,0eae7c555b19b73e6181af9ce8b9f1e123ba16ec1f7fa6e7cb0caf5d69d6a5c2,
task3-r4-pg14-20260903T021000Z,1788400930273067339,warmup,2,2,20260902,Q14_GROUNDED_TABLE,higher,60,PASS,33.800741,1,c47f5589fd446dd9249814f1ad958d2d3161a6436f414f2e73eaa84ebd1bc198,
task3-r4-pg14-20260903T021000Z,1788400930350732989,warmup,2,3,20260902,Q14_GROUNDED_TABLE,lower,60,PASS,77.555513,1,c47f5589fd446dd9249814f1ad958d2d3161a6436f414f2e73eaa84ebd1bc198,
task3-r4-pg14-20260903T021000Z,1788400930938746453,warmup,2,4,20260902,UDFBENCH_Q14_CLEANDATE,higher,60,PASS,551.752911,6631,0eae7c555b19b73e6181af9ce8b9f1e123ba16ec1f7fa6e7cb0caf5d69d6a5c2,
task3-r4-pg14-20260903T021000Z,1788400930939387517,warmup,2,5,20260902,CONTROLLED_PK,higher,60,PASS,0.526494,1,043f347c2cdc0d8ce70c38775d24e556c0290acf6d0c87a3a52aa85471cb8d02,
task3-r4-pg14-20260903T021000Z,1788400931054825043,warmup,2,6,20260902,CONTROLLED_PK,lower,60,PASS,114.898803,1,043f347c2cdc0d8ce70c38775d24e556c0290acf6d0c87a3a52aa85471cb8d02,
task3-r4-pg14-20260903T021000Z,1788400931601758939,warmup,3,1,20260902,UDFBENCH_Q14_CLEANDATE,higher,60,PASS,513.844181,6631,0eae7c555b19b73e6181af9ce8b9f1e123ba16ec1f7fa6e7cb0caf5d69d6a5c2,
task3-r4-pg14-20260903T021000Z,1788400931602394416,warmup,3,2,20260902,CONTROLLED_PK,higher,60,PASS,0.517577,1,043f347c2cdc0d8ce70c38775d24e556c0290acf6d0c87a3a52aa85471cb8d02,
task3-r4-pg14-20260903T021000Z,1788400931636660609,warmup,3,3,20260902,Q14_GROUNDED_TABLE,higher,60,PASS,33.785157,1,c47f5589fd446dd9249814f1ad958d2d3161a6436f414f2e73eaa84ebd1bc198,
task3-r4-pg14-20260903T021000Z,1788400931751380892,warmup,3,4,20260902,CONTROLLED_PK,lower,60,PASS,114.616542,1,043f347c2cdc0d8ce70c38775d24e556c0290acf6d0c87a3a52aa85471cb8d02,
task3-r4-pg14-20260903T021000Z,1788400932529779864,warmup,3,5,20260902,UDFBENCH_Q14_CLEANDATE,lower,60,PASS,743.309526,6631,0eae7c555b19b73e6181af9ce8b9f1e123ba16ec1f7fa6e7cb0caf5d69d6a5c2,
task3-r4-pg14-20260903T021000Z,1788400932614002626,warmup,3,6,20260902,Q14_GROUNDED_TABLE,lower,60,PASS,84.077918,1,c47f5589fd446dd9249814f1ad958d2d3161a6436f414f2e73eaa84ebd1bc198,
task3-r4-pg14-20260903T021000Z,1788400932646416628,measured,1,1,20260902,Q14_GROUNDED_TABLE,higher,60,PASS,32.245217,1,c47f5589fd446dd9249814f1ad958d2d3161a6436f414f2e73eaa84ebd1bc198,
task3-r4-pg14-20260903T021000Z,1788400932721571544,measured,1,2,20260902,Q14_GROUNDED_TABLE,lower,60,PASS,75.028101,1,c47f5589fd446dd9249814f1ad958d2d3161a6436f414f2e73eaa84ebd1bc198,
task3-r4-pg14-20260903T021000Z,1788400932836195150,measured,1,3,20260902,CONTROLLED_PK,lower,60,PASS,114.504622,1,043f347c2cdc0d8ce70c38775d24e556c0290acf6d0c87a3a52aa85471cb8d02,
task3-r4-pg14-20260903T021000Z,1788400932836483438,measured,1,4,20260902,CONTROLLED_PK,higher,60,PASS,0.201649,1,043f347c2cdc0d8ce70c38775d24e556c0290acf6d0c87a3a52aa85471cb8d02,
task3-r4-pg14-20260903T021000Z,1788400933372869660,measured,1,5,20260902,UDFBENCH_Q14_CLEANDATE,higher,60,PASS,502.816766,6631,0eae7c555b19b73e6181af9ce8b9f1e123ba16ec1f7fa6e7cb0caf5d69d6a5c2,
task3-r4-pg14-20260903T021000Z,1788400934153716802,measured,1,6,20260902,UDFBENCH_Q14_CLEANDATE,lower,60,PASS,747.070330,6631,0eae7c555b19b73e6181af9ce8b9f1e123ba16ec1f7fa6e7cb0caf5d69d6a5c2,
task3-r4-pg14-20260903T021000Z,1788400934154564292,measured,2,1,20260902,CONTROLLED_PK,higher,60,PASS,0.694709,1,043f347c2cdc0d8ce70c38775d24e556c0290acf6d0c87a3a52aa85471cb8d02,
task3-r4-pg14-20260903T021000Z,1788400934938553943,measured,2,2,20260902,UDFBENCH_Q14_CLEANDATE,lower,60,PASS,750.722163,6631,0eae7c555b19b73e6181af9ce8b9f1e123ba16ec1f7fa6e7cb0caf5d69d6a5c2,
task3-r4-pg14-20260903T021000Z,1788400935465565119,measured,2,3,20260902,UDFBENCH_Q14_CLEANDATE,higher,60,PASS,493.989007,6631,0eae7c555b19b73e6181af9ce8b9f1e123ba16ec1f7fa6e7cb0caf5d69d6a5c2,
task3-r4-pg14-20260903T021000Z,1788400935588149284,measured,2,4,20260902,CONTROLLED_PK,lower,60,PASS,122.453949,1,043f347c2cdc0d8ce70c38775d24e556c0290acf6d0c87a3a52aa85471cb8d02,
task3-r4-pg14-20260903T021000Z,1788400935621692210,measured,2,5,20260902,Q14_GROUNDED_TABLE,higher,60,PASS,33.434465,1,c47f5589fd446dd9249814f1ad958d2d3161a6436f414f2e73eaa84ebd1bc198,
task3-r4-pg14-20260903T021000Z,1788400935698282016,measured,2,6,20260902,Q14_GROUNDED_TABLE,lower,60,PASS,76.478094,1,c47f5589fd446dd9249814f1ad958d2d3161a6436f414f2e73eaa84ebd1bc198,
task3-r4-pg14-20260903T021000Z,1788400936230619716,measured,3,1,20260902,UDFBENCH_Q14_CLEANDATE,higher,60,PASS,499.188420,6631,0eae7c555b19b73e6181af9ce8b9f1e123ba16ec1f7fa6e7cb0caf5d69d6a5c2,
task3-r4-pg14-20260903T021000Z,1788400936268727912,measured,3,2,20260902,Q14_GROUNDED_TABLE,higher,60,PASS,37.988940,1,c47f5589fd446dd9249814f1ad958d2d3161a6436f414f2e73eaa84ebd1bc198,
task3-r4-pg14-20260903T021000Z,1788400936269006131,measured,3,3,20260902,CONTROLLED_PK,higher,60,PASS,0.211284,1,043f347c2cdc0d8ce70c38775d24e556c0290acf6d0c87a3a52aa85471cb8d02,
task3-r4-pg14-20260903T021000Z,1788400936344580911,measured,3,4,20260902,Q14_GROUNDED_TABLE,lower,60,PASS,74.909415,1,c47f5589fd446dd9249814f1ad958d2d3161a6436f414f2e73eaa84ebd1bc198,
task3-r4-pg14-20260903T021000Z,1788400937110875296,measured,3,5,20260902,UDFBENCH_Q14_CLEANDATE,lower,60,PASS,733.467259,6631,0eae7c555b19b73e6181af9ce8b9f1e123ba16ec1f7fa6e7cb0caf5d69d6a5c2,
task3-r4-pg14-20260903T021000Z,1788400937223720938,measured,3,6,20260902,CONTROLLED_PK,lower,60,PASS,112.705741,1,043f347c2cdc0d8ce70c38775d24e556c0290acf6d0c87a3a52aa85471cb8d02,
task3-r4-pg14-20260903T021000Z,1788400938012276859,measured,4,1,20260902,UDFBENCH_Q14_CLEANDATE,lower,60,PASS,755.723155,6631,0eae7c555b19b73e6181af9ce8b9f1e123ba16ec1f7fa6e7cb0caf5d69d6a5c2,
task3-r4-pg14-20260903T021000Z,1788400938126012099,measured,4,2,20260902,CONTROLLED_PK,lower,60,PASS,113.550777,1,043f347c2cdc0d8ce70c38775d24e556c0290acf6d0c87a3a52aa85471cb8d02,
task3-r4-pg14-20260903T021000Z,1788400938159466045,measured,4,3,20260902,Q14_GROUNDED_TABLE,higher,60,PASS,33.234305,1,c47f5589fd446dd9249814f1ad958d2d3161a6436f414f2e73eaa84ebd1bc198,
task3-r4-pg14-20260903T021000Z,1788400938159858298,measured,4,4,20260902,CONTROLLED_PK,higher,60,PASS,0.239317,1,043f347c2cdc0d8ce70c38775d24e556c0290acf6d0c87a3a52aa85471cb8d02,
task3-r4-pg14-20260903T021000Z,1788400938697840404,measured,4,5,20260902,UDFBENCH_Q14_CLEANDATE,higher,60,PASS,492.767833,6631,0eae7c555b19b73e6181af9ce8b9f1e123ba16ec1f7fa6e7cb0caf5d69d6a5c2,
task3-r4-pg14-20260903T021000Z,1788400938776291341,measured,4,6,20260902,Q14_GROUNDED_TABLE,lower,60,PASS,78.248533,1,c47f5589fd446dd9249814f1ad958d2d3161a6436f414f2e73eaa84ebd1bc198,
task3-r4-pg14-20260903T021000Z,1788400939567067974,measured,5,1,20260902,UDFBENCH_Q14_CLEANDATE,lower,60,PASS,743.940333,6631,0eae7c555b19b73e6181af9ce8b9f1e123ba16ec1f7fa6e7cb0caf5d69d6a5c2,
task3-r4-pg14-20260903T021000Z,1788400939567727118,measured,5,2,20260902,CONTROLLED_PK,higher,60,PASS,0.541068,1,043f347c2cdc0d8ce70c38775d24e556c0290acf6d0c87a3a52aa85471cb8d02,
task3-r4-pg14-20260903T021000Z,1788400939682655894,measured,5,3,20260902,CONTROLLED_PK,lower,60,PASS,114.142310,1,043f347c2cdc0d8ce70c38775d24e556c0290acf6d0c87a3a52aa85471cb8d02,
task3-r4-pg14-20260903T021000Z,1788400940219631341,measured,5,4,20260902,UDFBENCH_Q14_CLEANDATE,higher,60,PASS,493.472150,6631,0eae7c555b19b73e6181af9ce8b9f1e123ba16ec1f7fa6e7cb0caf5d69d6a5c2,
task3-r4-pg14-20260903T021000Z,1788400940254012347,measured,5,5,20260902,Q14_GROUNDED_TABLE,higher,60,PASS,34.188356,1,c47f5589fd446dd9249814f1ad958d2d3161a6436f414f2e73eaa84ebd1bc198,
task3-r4-pg14-20260903T021000Z,1788400940344725458,measured,5,6,20260902,Q14_GROUNDED_TABLE,lower,60,PASS,90.481882,1,c47f5589fd446dd9249814f1ad958d2d3161a6436f414f2e73eaa84ebd1bc198,
task3-r4-pg14-20260903T021000Z,1788400940381322923,measured,6,1,20260902,Q14_GROUNDED_TABLE,higher,60,PASS,36.284325,1,c47f5589fd446dd9249814f1ad958d2d3161a6436f414f2e73eaa84ebd1bc198,
task3-r4-pg14-20260903T021000Z,1788400940464952519,measured,6,2,20260902,Q14_GROUNDED_TABLE,lower,60,PASS,83.447735,1,c47f5589fd446dd9249814f1ad958d2d3161a6436f414f2e73eaa84ebd1bc198,
task3-r4-pg14-20260903T021000Z,1788400941264768594,measured,6,3,20260902,UDFBENCH_Q14_CLEANDATE,lower,60,PASS,758.938418,6631,0eae7c555b19b73e6181af9ce8b9f1e123ba16ec1f7fa6e7cb0caf5d69d6a5c2,
task3-r4-pg14-20260903T021000Z,1788400941797525576,measured,6,4,20260902,UDFBENCH_Q14_CLEANDATE,higher,60,PASS,498.514329,6631,0eae7c555b19b73e6181af9ce8b9f1e123ba16ec1f7fa6e7cb0caf5d69d6a5c2,
task3-r4-pg14-20260903T021000Z,1788400941911918821,measured,6,5,20260902,CONTROLLED_PK,lower,60,PASS,114.245448,1,043f347c2cdc0d8ce70c38775d24e556c0290acf6d0c87a3a52aa85471cb8d02,
task3-r4-pg14-20260903T021000Z,1788400941912236626,measured,6,6,20260902,CONTROLLED_PK,higher,60,PASS,0.220735,1,043f347c2cdc0d8ce70c38775d24e556c0290acf6d0c87a3a52aa85471cb8d02,
task3-r4-pg14-20260903T021000Z,1788400941913322097,measured,7,1,20260902,CONTROLLED_PK,higher,60,PASS,0.125177,1,043f347c2cdc0d8ce70c38775d24e556c0290acf6d0c87a3a52aa85471cb8d02,
task3-r4-pg14-20260903T021000Z,1788400941991932069,measured,7,2,20260902,Q14_GROUNDED_TABLE,lower,60,PASS,78.102896,1,c47f5589fd446dd9249814f1ad958d2d3161a6436f414f2e73eaa84ebd1bc198,
task3-r4-pg14-20260903T021000Z,1788400942023636477,measured,7,3,20260902,Q14_GROUNDED_TABLE,higher,60,PASS,31.599523,1,c47f5589fd446dd9249814f1ad958d2d3161a6436f414f2e73eaa84ebd1bc198,
task3-r4-pg14-20260903T021000Z,1788400942810208525,measured,7,4,20260902,UDFBENCH_Q14_CLEANDATE,lower,60,PASS,752.846473,6631,0eae7c555b19b73e6181af9ce8b9f1e123ba16ec1f7fa6e7cb0caf5d69d6a5c2,
task3-r4-pg14-20260903T021000Z,1788400942925156054,measured,7,5,20260902,CONTROLLED_PK,lower,60,PASS,114.814134,1,043f347c2cdc0d8ce70c38775d24e556c0290acf6d0c87a3a52aa85471cb8d02,
task3-r4-pg14-20260903T021000Z,1788400943472278499,measured,7,6,20260902,UDFBENCH_Q14_CLEANDATE,higher,60,PASS,501.372177,6631,0eae7c555b19b73e6181af9ce8b9f1e123ba16ec1f7fa6e7cb0caf5d69d6a5c2,
task3-r4-pg14-20260903T021000Z,1788400943508939282,measured,8,1,20260902,Q14_GROUNDED_TABLE,higher,60,PASS,36.436444,1,c47f5589fd446dd9249814f1ad958d2d3161a6436f414f2e73eaa84ebd1bc198,
task3-r4-pg14-20260903T021000Z,1788400944052685293,measured,8,2,20260902,UDFBENCH_Q14_CLEANDATE,higher,60,PASS,499.235028,6631,0eae7c555b19b73e6181af9ce8b9f1e123ba16ec1f7fa6e7cb0caf5d69d6a5c2,
task3-r4-pg14-20260903T021000Z,1788400944166552335,measured,8,3,20260902,CONTROLLED_PK,lower,60,PASS,113.721564,1,043f347c2cdc0d8ce70c38775d24e556c0290acf6d0c87a3a52aa85471cb8d02,
task3-r4-pg14-20260903T021000Z,1788400944244911046,measured,8,4,20260902,Q14_GROUNDED_TABLE,lower,60,PASS,78.220276,1,c47f5589fd446dd9249814f1ad958d2d3161a6436f414f2e73eaa84ebd1bc198,
task3-r4-pg14-20260903T021000Z,1788400944245228233,measured,8,5,20260902,CONTROLLED_PK,higher,60,PASS,0.224027,1,043f347c2cdc0d8ce70c38775d24e556c0290acf6d0c87a3a52aa85471cb8d02,
task3-r4-pg14-20260903T021000Z,1788400945028223686,measured,8,6,20260902,UDFBENCH_Q14_CLEANDATE,lower,60,PASS,737.597060,6631,0eae7c555b19b73e6181af9ce8b9f1e123ba16ec1f7fa6e7cb0caf5d69d6a5c2,
task3-r4-pg14-20260903T021000Z,1788400945029204312,measured,9,1,20260902,CONTROLLED_PK,higher,60,PASS,0.822237,1,043f347c2cdc0d8ce70c38775d24e556c0290acf6d0c87a3a52aa85471cb8d02,
task3-r4-pg14-20260903T021000Z,1788400945148969457,measured,9,2,20260902,CONTROLLED_PK,lower,60,PASS,119.470776,1,043f347c2cdc0d8ce70c38775d24e556c0290acf6d0c87a3a52aa85471cb8d02,
task3-r4-pg14-20260903T021000Z,1788400945949296795,measured,9,3,20260902,UDFBENCH_Q14_CLEANDATE,lower,60,PASS,755.331565,6631,0eae7c555b19b73e6181af9ce8b9f1e123ba16ec1f7fa6e7cb0caf5d69d6a5c2,
task3-r4-pg14-20260903T021000Z,1788400945988616261,measured,9,4,20260902,Q14_GROUNDED_TABLE,higher,60,PASS,39.124589,1,c47f5589fd446dd9249814f1ad958d2d3161a6436f414f2e73eaa84ebd1bc198,
task3-r4-pg14-20260903T021000Z,1788400946522484427,measured,9,5,20260902,UDFBENCH_Q14_CLEANDATE,higher,60,PASS,492.523040,6631,0eae7c555b19b73e6181af9ce8b9f1e123ba16ec1f7fa6e7cb0caf5d69d6a5c2,
task3-r4-pg14-20260903T021000Z,1788400946602437532,measured,9,6,20260902,Q14_GROUNDED_TABLE,lower,60,PASS,79.799701,1,c47f5589fd446dd9249814f1ad958d2d3161a6436f414f2e73eaa84ebd1bc198,
task3-r4-pg14-20260903T021000Z,1788400946602816513,measured,10,1,20260902,CONTROLLED_PK,higher,60,PASS,0.246380,1,043f347c2cdc0d8ce70c38775d24e556c0290acf6d0c87a3a52aa85471cb8d02,
task3-r4-pg14-20260903T021000Z,1788400947142667622,measured,10,2,20260902,UDFBENCH_Q14_CLEANDATE,higher,60,PASS,506.292992,6631,0eae7c555b19b73e6181af9ce8b9f1e123ba16ec1f7fa6e7cb0caf5d69d6a5c2,
task3-r4-pg14-20260903T021000Z,1788400947264910063,measured,10,3,20260902,CONTROLLED_PK,lower,60,PASS,122.096899,1,043f347c2cdc0d8ce70c38775d24e556c0290acf6d0c87a3a52aa85471cb8d02,
task3-r4-pg14-20260903T021000Z,1788400947298951299,measured,10,4,20260902,Q14_GROUNDED_TABLE,higher,60,PASS,33.923216,1,c47f5589fd446dd9249814f1ad958d2d3161a6436f414f2e73eaa84ebd1bc198,
task3-r4-pg14-20260903T021000Z,1788400948080648052,measured,10,5,20260902,UDFBENCH_Q14_CLEANDATE,lower,60,PASS,742.390579,6631,0eae7c555b19b73e6181af9ce8b9f1e123ba16ec1f7fa6e7cb0caf5d69d6a5c2,
task3-r4-pg14-20260903T021000Z,1788400948163601794,measured,10,6,20260902,Q14_GROUNDED_TABLE,lower,60,PASS,82.826376,1,c47f5589fd446dd9249814f1ad958d2d3161a6436f414f2e73eaa84ebd1bc198,
