R,Lambda,loop_bounds,median_runtime,mean_runtime,std_runtime,coefficient_of_variation,95_percent_interval,expected_loop_iterations,observed_loop_iterations,udf_invocations,runtime_per_R,runtime_per_R_Lambda,successful_trials,failed_or_timeout_trials,status
100,1,[1],0.24026799999999998,0.2633121,0.1273060202717583,0.483479567675615,"[0.192829, 0.255694]",100,100,100,0.00240268,0.00240268,10,0,ok
100,10,[10],0.6010489999999999,0.5895009,0.03568410883930767,0.06053274700565796,"[0.5630975, 0.616038]",1000,1000,100,0.006010489999999999,0.000601049,10,0,ok
100,100,"[10, 10]",4.5233419999999995,4.5131084999999995,0.03343420062766738,0.007408242152314172,"[4.47612, 4.5356005]",10000,10000,100,0.045233419999999996,0.00045233419999999994,10,0,ok
100,960,"[8, 10, 12]",41.6461025,41.6762882,0.39273148677572006,0.009423379665939638,"[41.338426, 41.864568000000006]",96000,96000,100,0.416461025,0.0004338135677083333,10,0,ok
100,2000,"[10, 10, 20]",84.3880605,84.5401819,1.2707770243918097,0.01503163342959178,"[83.490018, 85.702542]",200000,200000,100,0.843880605,0.00042194030249999997,10,0,ok
1000,1,[1],2.0211445,2.2563337,0.7328836181312298,0.3248117147438031,"[2.011784, 2.0492615]",1000,1000,1000,0.0020211445,0.0020211445,10,0,ok
1000,10,[10],5.556182,5.5963191000000005,0.1143544101626849,0.02043386163642543,"[5.547776, 5.5874885]",10000,10000,1000,0.005556182,0.0005556182,10,0,ok
1000,100,"[10, 10]",44.737015,44.9000927,0.39110329315072706,0.008710523066486387,"[44.666970500000005, 45.1655155]",100000,100000,1000,0.044737015,0.00044737015,10,0,ok
1000,960,"[8, 10, 12]",413.733141,413.2423602,2.6093778996229364,0.006314400823671746,"[412.453005, 414.907682]",960000,960000,1000,0.41373314099999997,0.000430972021875,10,0,ok
1000,2000,"[10, 10, 20]",830.356309,829.6065081,6.214358267787896,0.007490729890753006,"[825.2857435000001, 831.390716]",2000000,2000000,1000,0.830356309,0.0004151781545,10,0,ok
10000,1,[1],19.965191500000003,19.975185099999997,0.07911562480804013,0.003960695453482438,"[19.9293865, 19.9949875]",10000,10000,10000,0.0019965191500000003,0.0019965191500000003,10,0,ok
10000,10,[10],55.00164,55.0822869,0.30390820435982235,0.0055173490692490175,"[54.947590500000004, 55.0426355]",100000,100000,10000,0.005500164,0.0005500164,10,0,ok
10000,100,"[10, 10]",451.832303,451.61298509999995,3.001150957887705,0.006645404487701267,"[449.208266, 454.614103]",1000000,1000000,10000,0.0451832303,0.00045183230300000003,10,0,ok
10000,960,"[8, 10, 12]",4154.5344415,4146.773002100001,33.83330517636387,0.00815894797212919,"[4113.719394, 4176.602893]",9600000,9600000,10000,0.41545344415,0.0004327640043229167,10,0,ok
10000,2000,"[10, 10, 20]",8356.920842,8356.351799799999,17.8577786757127,0.002137030501293652,"[8337.731551, 8369.713823999999]",20000000,20000000,10000,0.8356920842,0.00041784604209999996,10,0,ok
