study,R,rho,Lambda,form,sqlite_median_runtime_ms,duckdb_median_runtime_ms,sqlite_cv,duckdb_cv,sqlite_runtime_ratio,duckdb_runtime_ratio,sqlite_plan_regret,duckdb_plan_regret,sqlite_status,duckdb_status
E1,100,,1,single_form,0.24026799999999998,15.6153575,0.483479567675615,0.2955607835934099,,,,,ok,ok
E1,100,,10,single_form,0.6010489999999999,15.8243185,0.06053274700565796,0.22513039931132336,,,,,ok,ok
E1,100,,100,single_form,4.5233419999999995,23.525513,0.007408242152314172,0.24230442882483932,,,,,ok,ok
E1,100,,960,single_form,41.6461025,57.3921305,0.009423379665939638,0.048781756705348074,,,,,ok,ok
E1,100,,2000,single_form,84.3880605,106.492028,0.01503163342959178,0.11195403093705195,,,,,ok,ok
E1,1000,,1,single_form,2.0211445,208.5753365,0.3248117147438031,0.1826893023943011,,,,,ok,ok
E1,1000,,10,single_form,5.556182,151.029737,0.02043386163642543,0.19104376991898273,,,,,ok,ok
E1,1000,,100,single_form,44.737015,196.10590000000002,0.008710523066486387,0.16024350857259315,,,,,ok,ok
E1,1000,,960,single_form,413.733141,639.2100330000001,0.006314400823671746,0.05539579115400915,,,,,ok,ok
E1,1000,,2000,single_form,830.356309,1019.089123,0.007490729890753006,0.03660624917128073,,,,,ok,ok
E1,10000,,1,single_form,19.965191500000003,2066.939201,0.003960695453482438,0.1842472972117113,,,,,ok,ok
E1,10000,,10,single_form,55.00164,2128.958114,0.0055173490692490175,0.15543783777562856,,,,,ok,ok
E1,10000,,100,single_form,451.832303,1919.1127015,0.006645404487701267,0.14796549302027978,,,,,ok,ok
E1,10000,,960,single_form,4154.5344415,6173.2797585,0.00815894797212919,0.04999195616809719,,,,,ok,ok
E1,10000,,2000,single_form,8356.920842,9816.818402500001,0.002137030501293652,0.034501117005541794,,,,,ok,ok
E2,10000,0.01,1,filter_before_udf,0.721113,15.7997475,0.0461345080938695,0.3499962102101475,0.03577793629181251,0.010912716455243216,1.0,1.0,ok,ok
E2,10000,0.01,1,udf_before_filter,20.155243,1447.8290135,0.0033896612940310395,0.1962866749362192,27.950186725242784,91.6362121293394,27.950186725242784,91.6362121293394,ok,ok
E2,10000,0.01,10,filter_before_udf,1.0861895,15.72658,0.03045134606147093,0.17126136130760625,0.019543464080287957,0.010481362115901479,1.0,1.0,ok,ok
E2,10000,0.01,10,udf_before_filter,55.578146000000004,1500.432847,0.00485139625112481,0.184930939817854,51.16800153196105,95.40744694650712,51.16800153196105,95.40744694650712,ok,ok
E2,10000,0.01,100,filter_before_udf,5.0464675,20.1053305,0.008922934285644711,0.18171642813658498,0.011197532998847456,0.010501852726459846,1.0,1.0,ok,ok
E2,10000,0.01,100,udf_before_filter,450.67672500000003,1914.455575,0.005381412647902422,0.13786261281800408,89.30538540077787,95.22129342763104,89.30538540077787,95.22129342763104,ok,ok
E2,10000,0.01,960,filter_before_udf,41.8663175,60.560728999999995,0.007136083145166237,0.15327484696144922,0.01008533222544264,0.010586530815615084,1.0,1.0,ok,ok
E2,10000,0.01,960,udf_before_filter,4151.2085635,5720.5452905,0.002596780462881238,0.052695052102763686,99.15389772458492,94.45965041966389,99.15389772458492,94.45965041966389,ok,ok
E2,10000,0.1,1,filter_before_udf,2.571005,177.51199,0.0240143761129827,0.19474749921578816,0.12773323311436144,0.12271800067461444,1.0,1.0,ok,ok
E2,10000,0.1,1,udf_before_filter,20.1279255,1446.503276,0.010706719303056987,0.193161815571061,7.828816163329126,8.14876378773062,7.828816163329126,8.14876378773062,ok,ok
E2,10000,0.1,10,filter_before_udf,6.053176000000001,151.88282199999998,0.0040251708152927385,0.1984426312899961,0.10993224680159677,0.07144373745152145,1.0,1.0,ok,ok
E2,10000,0.1,10,udf_before_filter,55.062788,2125.908126,0.007264756876713032,0.16250679347166633,9.096511979826786,13.99702809051046,9.096511979826786,13.99702809051046,ok,ok
E2,10000,0.1,100,filter_before_udf,45.071093,192.541966,0.0052474083235302445,0.13622377999332513,0.10082820746447546,0.08580102696889469,1.0,1.0,ok,ok
E2,10000,0.1,100,udf_before_filter,447.00877,2244.051998,0.0020989439402922306,0.15614839437561573,9.917859546916247,11.654872153949025,9.917859546916247,11.654872153949025,ok,ok
E2,10000,0.1,960,filter_before_udf,414.5577835,574.416208,0.0034001860165887546,0.06645704114865635,0.1004620080547971,0.1004808389123479,1.0,1.0,ok,ok
E2,10000,0.1,960,udf_before_filter,4126.5130125,5716.674086499999,0.0032082333017994843,0.05454729391002021,9.954011664335328,9.95214620841618,9.954011664335328,9.95214620841618,ok,ok
E2,10000,0.5,1,filter_before_udf,10.807181,732.6074835,0.005402147130835421,0.19213002462690199,0.5263200033876383,0.35358774607897403,1.0,1.0,ok,ok
E2,10000,0.5,1,udf_before_filter,20.5334795,2071.925545,0.011429586013175567,0.18361616068775932,1.8999847878924208,2.8281523075651194,1.8999847878924208,2.8281523075651194,ok,ok
E2,10000,0.5,10,filter_before_udf,28.2223115,748.6766250000001,0.0025744377660057087,0.19339362890530773,0.503858517975497,0.5033188072964601,1.0,1.0,ok,ok
E2,10000,0.5,10,udf_before_filter,56.012373499999995,1487.4799315,0.007512513092995158,0.1662591022228141,1.984684121284679,1.9868123056466467,1.984684121284679,1.9868123056466467,ok,ok
E2,10000,0.5,100,filter_before_udf,223.50968899999998,958.131086,0.006425931056843624,0.15543907516600927,0.4964890664946426,0.5008637307173286,1.0,1.0,ok,ok
E2,10000,0.5,100,udf_before_filter,450.1804855,1912.9576115,0.006300245083372194,0.15444370061187104,2.0141430445997357,1.9965510350845668,2.0141430445997357,1.9965510350845668,ok,ok
E2,10000,0.5,960,filter_before_udf,2052.3685275,2991.26658,0.008527655232429135,0.05117590711060654,0.49562133084272597,0.5245426819068388,1.0,1.0,ok,ok
E2,10000,0.5,960,udf_before_filter,4141.0012035,5702.618077,0.008413294960705454,0.05309652549209091,2.017669413662357,1.906422555290943,2.017669413662357,1.906422555290943,ok,ok
E2,10000,1.0,1,filter_before_udf,20.1733795,2078.2575070000003,0.0027794837504297536,0.18424901338811095,0.9869560649408102,1.0019692226747499,1.0,1.0019692226747499,ok,ok
E2,10000,1.0,1,udf_before_filter,20.4399975,2074.1729985,0.014092780051877378,0.18031551204348775,1.0132163279831226,0.9980346475418745,1.0132163279831226,1.0,ok,ok
E2,10000,1.0,10,filter_before_udf,55.231276,1492.8813765,0.01030686405697698,0.19623763412836817,0.989410187751607,0.6937828664897252,1.0,1.0,ok,ok
E2,10000,1.0,10,udf_before_filter,55.822424999999996,2151.7991415,0.010571909004656812,0.16349429796434337,1.0107031566679718,1.441373156214733,1.0107031566679718,1.441373156214733,ok,ok
E2,10000,1.0,100,filter_before_udf,443.62373749999995,1903.6139054999999,0.0036505250061568393,0.1557911559962019,0.9993518380953548,0.9787753020709905,1.0,1.0,ok,ok
E2,10000,1.0,100,udf_before_filter,443.911464,1944.8936865,0.002796030282690159,0.15034353531288291,1.0006485822909783,1.0216849545386977,1.0006485822909783,1.0216849545386977,ok,ok
E2,10000,1.0,960,filter_before_udf,4133.5485335,5681.371084,0.004734595628227375,0.056572368768574015,1.0013968140513747,1.0123965266743649,1.0013968140513747,1.0123965266743649,ok,ok
E2,10000,1.0,960,udf_before_filter,4127.782788500001,5611.8042035,0.0003997662356243417,0.04470194705525561,0.9986051343166116,0.9877552655034423,1.0,1.0,ok,ok
