phase,block,K,segment,representation,elapsed_ms,udf_calls,udf_work_units,retained
confirmation,0,100,COSTLY,M1,175.499939,40713,40713000,False
confirmation,0,100,COSTLY,M2,19.404877,1584,1584000,False
confirmation,0,100,CHEAP,M1,19.10175,30286,302860,False
confirmation,0,100,CHEAP,M2,17.936761,30286,302860,False
confirmation,0,200,COSTLY,M1,170.778483,40713,40713000,False
confirmation,0,200,COSTLY,M2,19.13572,1584,1584000,False
confirmation,0,200,CHEAP,M1,18.648226,30286,302860,False
confirmation,0,200,CHEAP,M2,18.595286,30286,302860,False
confirmation,0,400,COSTLY,M1,170.743158,40713,40713000,False
confirmation,0,400,COSTLY,M2,18.898559,1584,1584000,False
confirmation,0,400,CHEAP,M1,17.79767,30286,302860,False
confirmation,0,400,CHEAP,M2,16.855163,30286,302860,False
confirmation,0,800,COSTLY,M1,170.327327,40713,40713000,False
confirmation,0,800,COSTLY,M2,19.018697,1584,1584000,False
confirmation,0,800,CHEAP,M1,18.630736,30286,302860,False
confirmation,0,800,CHEAP,M2,17.888868,30286,302860,False
confirmation,0,1600,COSTLY,M1,172.003427,40713,40713000,False
confirmation,0,1600,COSTLY,M2,174.815853,40713,40713000,False
confirmation,0,1600,CHEAP,M1,20.918651,30286,302860,False
confirmation,0,1600,CHEAP,M2,136.289619,775222,7752220,False
confirmation,1,100,COSTLY,M1,188.742383,40713,40713000,False
confirmation,1,100,COSTLY,M2,19.084798,1584,1584000,False
confirmation,1,100,CHEAP,M1,18.908925,30286,302860,False
confirmation,1,100,CHEAP,M2,18.77309,30286,302860,False
confirmation,1,200,COSTLY,M1,170.902436,40713,40713000,False
confirmation,1,200,COSTLY,M2,19.602992,1584,1584000,False
confirmation,1,200,CHEAP,M1,19.562102,30286,302860,False
confirmation,1,200,CHEAP,M2,19.205376,30286,302860,False
confirmation,1,400,COSTLY,M1,170.859116,40713,40713000,False
confirmation,1,400,COSTLY,M2,20.039909,1584,1584000,False
confirmation,1,400,CHEAP,M1,19.031223,30286,302860,False
confirmation,1,400,CHEAP,M2,19.271163,30286,302860,False
confirmation,1,800,COSTLY,M1,170.896188,40713,40713000,False
confirmation,1,800,COSTLY,M2,19.484017,1584,1584000,False
confirmation,1,800,CHEAP,M1,19.66132,30286,302860,False
confirmation,1,800,CHEAP,M2,19.785005,30286,302860,False
confirmation,1,1600,COSTLY,M1,170.812077,40713,40713000,False
confirmation,1,1600,COSTLY,M2,174.707453,40713,40713000,False
confirmation,1,1600,CHEAP,M1,34.088234,30286,302860,False
confirmation,1,1600,CHEAP,M2,136.101742,775222,7752220,False
confirmation,2,100,COSTLY,M1,175.008203,40713,40713000,False
confirmation,2,100,COSTLY,M2,19.854638,1584,1584000,False
confirmation,2,100,CHEAP,M1,19.699824,30286,302860,False
confirmation,2,100,CHEAP,M2,19.284901,30286,302860,False
confirmation,2,200,COSTLY,M1,172.01481,40713,40713000,False
confirmation,2,200,COSTLY,M2,19.877068,1584,1584000,False
confirmation,2,200,CHEAP,M1,20.194102,30286,302860,False
confirmation,2,200,CHEAP,M2,19.110716,30286,302860,False
confirmation,2,400,COSTLY,M1,171.15315,40713,40713000,False
confirmation,2,400,COSTLY,M2,28.185136,1584,1584000,False
confirmation,2,400,CHEAP,M1,19.520112,30286,302860,False
confirmation,2,400,CHEAP,M2,18.923336,30286,302860,False
confirmation,2,800,COSTLY,M1,171.123309,40713,40713000,False
confirmation,2,800,COSTLY,M2,19.307595,1584,1584000,False
confirmation,2,800,CHEAP,M1,18.35844,30286,302860,False
confirmation,2,800,CHEAP,M2,17.229901,30286,302860,False
confirmation,2,1600,COSTLY,M1,171.030511,40713,40713000,False
confirmation,2,1600,COSTLY,M2,176.111792,40713,40713000,False
confirmation,2,1600,CHEAP,M1,21.547818,30286,302860,False
confirmation,2,1600,CHEAP,M2,136.043185,775222,7752220,False
confirmation,3,100,COSTLY,M1,175.169986,40713,40713000,True
confirmation,3,100,COSTLY,M2,19.547026,1584,1584000,True
confirmation,3,100,CHEAP,M1,19.253988,30286,302860,True
confirmation,3,100,CHEAP,M2,19.228626,30286,302860,True
confirmation,3,200,COSTLY,M1,171.191771,40713,40713000,True
confirmation,3,200,COSTLY,M2,19.600009,1584,1584000,True
confirmation,3,200,CHEAP,M1,19.551106,30286,302860,True
confirmation,3,200,CHEAP,M2,18.921447,30286,302860,True
confirmation,3,400,COSTLY,M1,171.348067,40713,40713000,True
confirmation,3,400,COSTLY,M2,19.947237,1584,1584000,True
confirmation,3,400,CHEAP,M1,19.931704,30286,302860,True
confirmation,3,400,CHEAP,M2,18.916144,30286,302860,True
confirmation,3,800,COSTLY,M1,172.168642,40713,40713000,True
confirmation,3,800,COSTLY,M2,20.188056,1584,1584000,True
confirmation,3,800,CHEAP,M1,19.772379,30286,302860,True
confirmation,3,800,CHEAP,M2,19.336108,30286,302860,True
confirmation,3,1600,COSTLY,M1,171.338933,40713,40713000,True
confirmation,3,1600,COSTLY,M2,175.110199,40713,40713000,True
confirmation,3,1600,CHEAP,M1,21.202291,30286,302860,True
confirmation,3,1600,CHEAP,M2,136.764778,775222,7752220,True
confirmation,4,100,COSTLY,M1,175.043026,40713,40713000,True
confirmation,4,100,COSTLY,M2,19.836353,1584,1584000,True
confirmation,4,100,CHEAP,M1,19.844942,30286,302860,True
confirmation,4,100,CHEAP,M2,19.216004,30286,302860,True
confirmation,4,200,COSTLY,M1,171.390181,40713,40713000,True
confirmation,4,200,COSTLY,M2,20.16202,1584,1584000,True
confirmation,4,200,CHEAP,M1,19.772384,30286,302860,True
confirmation,4,200,CHEAP,M2,20.17176,30286,302860,True
confirmation,4,400,COSTLY,M1,185.20586,40713,40713000,True
confirmation,4,400,COSTLY,M2,19.537635,1584,1584000,True
confirmation,4,400,CHEAP,M1,19.912992,30286,302860,True
confirmation,4,400,CHEAP,M2,18.86231,30286,302860,True
confirmation,4,800,COSTLY,M1,170.96657,40713,40713000,True
confirmation,4,800,COSTLY,M2,32.72897,1584,1584000,True
confirmation,4,800,CHEAP,M1,19.964933,30286,302860,True
confirmation,4,800,CHEAP,M2,18.669263,30286,302860,True
confirmation,4,1600,COSTLY,M1,171.160889,40713,40713000,True
confirmation,4,1600,COSTLY,M2,175.209741,40713,40713000,True
confirmation,4,1600,CHEAP,M1,20.994343,30286,302860,True
confirmation,4,1600,CHEAP,M2,136.493487,775222,7752220,True
confirmation,5,100,COSTLY,M1,175.8931,40713,40713000,True
confirmation,5,100,COSTLY,M2,19.775325,1584,1584000,True
confirmation,5,100,CHEAP,M1,18.797559,30286,302860,True
confirmation,5,100,CHEAP,M2,18.289172,30286,302860,True
confirmation,5,200,COSTLY,M1,171.150413,40713,40713000,True
confirmation,5,200,COSTLY,M2,20.030044,1584,1584000,True
confirmation,5,200,CHEAP,M1,19.329089,30286,302860,True
confirmation,5,200,CHEAP,M2,18.799261,30286,302860,True
confirmation,5,400,COSTLY,M1,173.175654,40713,40713000,True
confirmation,5,400,COSTLY,M2,19.699377,1584,1584000,True
confirmation,5,400,CHEAP,M1,19.504744,30286,302860,True
confirmation,5,400,CHEAP,M2,18.754756,30286,302860,True
confirmation,5,800,COSTLY,M1,171.191476,40713,40713000,True
confirmation,5,800,COSTLY,M2,21.221634,1584,1584000,True
confirmation,5,800,CHEAP,M1,19.311518,30286,302860,True
confirmation,5,800,CHEAP,M2,18.992537,30286,302860,True
confirmation,5,1600,COSTLY,M1,172.32613,40713,40713000,True
confirmation,5,1600,COSTLY,M2,178.192756,40713,40713000,True
confirmation,5,1600,CHEAP,M1,22.418556,30286,302860,True
confirmation,5,1600,CHEAP,M2,136.453562,775222,7752220,True
confirmation,6,100,COSTLY,M1,175.286301,40713,40713000,True
confirmation,6,100,COSTLY,M2,20.19931,1584,1584000,True
confirmation,6,100,CHEAP,M1,20.039196,30286,302860,True
confirmation,6,100,CHEAP,M2,19.505495,30286,302860,True
confirmation,6,200,COSTLY,M1,173.458261,40713,40713000,True
confirmation,6,200,COSTLY,M2,24.705462,1584,1584000,True
confirmation,6,200,CHEAP,M1,22.103516,30286,302860,True
confirmation,6,200,CHEAP,M2,20.050203,30286,302860,True
confirmation,6,400,COSTLY,M1,171.770483,40713,40713000,True
confirmation,6,400,COSTLY,M2,20.729619,1584,1584000,True
confirmation,6,400,CHEAP,M1,20.186839,30286,302860,True
confirmation,6,400,CHEAP,M2,19.548981,30286,302860,True
confirmation,6,800,COSTLY,M1,171.426899,40713,40713000,True
confirmation,6,800,COSTLY,M2,19.545377,1584,1584000,True
confirmation,6,800,CHEAP,M1,19.752847,30286,302860,True
confirmation,6,800,CHEAP,M2,19.064277,30286,302860,True
confirmation,6,1600,COSTLY,M1,171.372009,40713,40713000,True
confirmation,6,1600,COSTLY,M2,175.108097,40713,40713000,True
confirmation,6,1600,CHEAP,M1,21.327392,30286,302860,True
confirmation,6,1600,CHEAP,M2,136.42612,775222,7752220,True
confirmation,7,100,COSTLY,M1,175.479315,40713,40713000,True
confirmation,7,100,COSTLY,M2,19.238974,1584,1584000,True
confirmation,7,100,CHEAP,M1,18.766573,30286,302860,True
confirmation,7,100,CHEAP,M2,17.73082,30286,302860,True
confirmation,7,200,COSTLY,M1,171.875178,40713,40713000,True
confirmation,7,200,COSTLY,M2,19.460174,1584,1584000,True
confirmation,7,200,CHEAP,M1,18.794318,30286,302860,True
confirmation,7,200,CHEAP,M2,18.276346,30286,302860,True
confirmation,7,400,COSTLY,M1,170.83487,40713,40713000,True
confirmation,7,400,COSTLY,M2,19.546135,1584,1584000,True
confirmation,7,400,CHEAP,M1,18.297262,30286,302860,True
confirmation,7,400,CHEAP,M2,17.160107,30286,302860,True
confirmation,7,800,COSTLY,M1,170.846073,40713,40713000,True
confirmation,7,800,COSTLY,M2,31.020929,1584,1584000,True
confirmation,7,800,CHEAP,M1,20.128685,30286,302860,True
confirmation,7,800,CHEAP,M2,19.33082,30286,302860,True
confirmation,7,1600,COSTLY,M1,171.296274,40713,40713000,True
confirmation,7,1600,COSTLY,M2,175.112906,40713,40713000,True
confirmation,7,1600,CHEAP,M1,21.208136,30286,302860,True
confirmation,7,1600,CHEAP,M2,136.424058,775222,7752220,True
confirmation,8,100,COSTLY,M1,190.965485,40713,40713000,True
confirmation,8,100,COSTLY,M2,19.813569,1584,1584000,True
confirmation,8,100,CHEAP,M1,19.559413,30286,302860,True
confirmation,8,100,CHEAP,M2,19.214091,30286,302860,True
confirmation,8,200,COSTLY,M1,171.755312,40713,40713000,True
confirmation,8,200,COSTLY,M2,20.124766,1584,1584000,True
confirmation,8,200,CHEAP,M1,20.29696,30286,302860,True
confirmation,8,200,CHEAP,M2,19.547887,30286,302860,True
confirmation,8,400,COSTLY,M1,171.592636,40713,40713000,True
confirmation,8,400,COSTLY,M2,19.659958,1584,1584000,True
confirmation,8,400,CHEAP,M1,21.483375,30286,302860,True
confirmation,8,400,CHEAP,M2,19.233258,30286,302860,True
confirmation,8,800,COSTLY,M1,171.892312,40713,40713000,True
confirmation,8,800,COSTLY,M2,19.713682,1584,1584000,True
confirmation,8,800,CHEAP,M1,19.205207,30286,302860,True
confirmation,8,800,CHEAP,M2,18.437471,30286,302860,True
confirmation,8,1600,COSTLY,M1,171.128945,40713,40713000,True
confirmation,8,1600,COSTLY,M2,175.451356,40713,40713000,True
confirmation,8,1600,CHEAP,M1,21.277131,30286,302860,True
confirmation,8,1600,CHEAP,M2,136.227561,775222,7752220,True
confirmation,9,100,COSTLY,M1,175.373938,40713,40713000,True
confirmation,9,100,COSTLY,M2,19.634798,1584,1584000,True
confirmation,9,100,CHEAP,M1,19.974586,30286,302860,True
confirmation,9,100,CHEAP,M2,20.115789,30286,302860,True
confirmation,9,200,COSTLY,M1,171.297091,40713,40713000,True
confirmation,9,200,COSTLY,M2,19.61768,1584,1584000,True
confirmation,9,200,CHEAP,M1,19.258903,30286,302860,True
confirmation,9,200,CHEAP,M2,20.497408,30286,302860,True
confirmation,9,400,COSTLY,M1,171.366724,40713,40713000,True
confirmation,9,400,COSTLY,M2,19.539389,1584,1584000,True
confirmation,9,400,CHEAP,M1,18.333787,30286,302860,True
confirmation,9,400,CHEAP,M2,17.610438,30286,302860,True
confirmation,9,800,COSTLY,M1,170.733292,40713,40713000,True
confirmation,9,800,COSTLY,M2,19.0644,1584,1584000,True
confirmation,9,800,CHEAP,M1,18.767973,30286,302860,True
confirmation,9,800,CHEAP,M2,17.913478,30286,302860,True
confirmation,9,1600,COSTLY,M1,171.21128,40713,40713000,True
confirmation,9,1600,COSTLY,M2,175.398222,40713,40713000,True
confirmation,9,1600,CHEAP,M1,21.198679,30286,302860,True
confirmation,9,1600,CHEAP,M2,136.961326,775222,7752220,True
confirmation,10,100,COSTLY,M1,175.932351,40713,40713000,True
confirmation,10,100,COSTLY,M2,19.678086,1584,1584000,True
confirmation,10,100,CHEAP,M1,19.601325,30286,302860,True
confirmation,10,100,CHEAP,M2,19.114819,30286,302860,True
confirmation,10,200,COSTLY,M1,171.186808,40713,40713000,True
confirmation,10,200,COSTLY,M2,19.519869,1584,1584000,True
confirmation,10,200,CHEAP,M1,19.065468,30286,302860,True
confirmation,10,200,CHEAP,M2,18.894948,30286,302860,True
confirmation,10,400,COSTLY,M1,171.420579,40713,40713000,True
confirmation,10,400,COSTLY,M2,19.721881,1584,1584000,True
confirmation,10,400,CHEAP,M1,19.533967,30286,302860,True
confirmation,10,400,CHEAP,M2,19.78851,30286,302860,True
confirmation,10,800,COSTLY,M1,171.59879,40713,40713000,True
confirmation,10,800,COSTLY,M2,19.527938,1584,1584000,True
confirmation,10,800,CHEAP,M1,19.488414,30286,302860,True
confirmation,10,800,CHEAP,M2,19.063017,30286,302860,True
confirmation,10,1600,COSTLY,M1,175.081469,40713,40713000,True
confirmation,10,1600,COSTLY,M2,175.758216,40713,40713000,True
confirmation,10,1600,CHEAP,M1,21.54696,30286,302860,True
confirmation,10,1600,CHEAP,M2,136.398223,775222,7752220,True
confirmation,11,100,COSTLY,M1,175.001377,40713,40713000,True
confirmation,11,100,COSTLY,M2,21.169463,1584,1584000,True
confirmation,11,100,CHEAP,M1,19.025542,30286,302860,True
confirmation,11,100,CHEAP,M2,18.876175,30286,302860,True
confirmation,11,200,COSTLY,M1,171.618329,40713,40713000,True
confirmation,11,200,COSTLY,M2,19.484536,1584,1584000,True
confirmation,11,200,CHEAP,M1,19.161087,30286,302860,True
confirmation,11,200,CHEAP,M2,18.863782,30286,302860,True
confirmation,11,400,COSTLY,M1,171.167508,40713,40713000,True
confirmation,11,400,COSTLY,M2,20.060275,1584,1584000,True
confirmation,11,400,CHEAP,M1,20.301834,30286,302860,True
confirmation,11,400,CHEAP,M2,19.92437,30286,302860,True
confirmation,11,800,COSTLY,M1,172.136184,40713,40713000,True
confirmation,11,800,COSTLY,M2,19.737947,1584,1584000,True
confirmation,11,800,CHEAP,M1,19.014919,30286,302860,True
confirmation,11,800,CHEAP,M2,18.413067,30286,302860,True
confirmation,11,1600,COSTLY,M1,171.091655,40713,40713000,True
confirmation,11,1600,COSTLY,M2,175.462428,40713,40713000,True
confirmation,11,1600,CHEAP,M1,21.388133,30286,302860,True
confirmation,11,1600,CHEAP,M2,137.14378,775222,7752220,True
confirmation,12,100,COSTLY,M1,175.256603,40713,40713000,True
confirmation,12,100,COSTLY,M2,33.214969,1584,1584000,True
confirmation,12,100,CHEAP,M1,17.639234,30286,302860,True
confirmation,12,100,CHEAP,M2,16.52107,30286,302860,True
confirmation,12,200,COSTLY,M1,172.112333,40713,40713000,True
confirmation,12,200,COSTLY,M2,16.327679,1584,1584000,True
confirmation,12,200,CHEAP,M1,16.834408,30286,302860,True
confirmation,12,200,CHEAP,M2,16.698047,30286,302860,True
confirmation,12,400,COSTLY,M1,166.289752,40713,40713000,True
confirmation,12,400,COSTLY,M2,16.434662,1584,1584000,True
confirmation,12,400,CHEAP,M1,17.023943,30286,302860,True
confirmation,12,400,CHEAP,M2,16.189538,30286,302860,True
confirmation,12,800,COSTLY,M1,166.104876,40713,40713000,True
confirmation,12,800,COSTLY,M2,16.27629,1584,1584000,True
confirmation,12,800,CHEAP,M1,16.769522,30286,302860,True
confirmation,12,800,CHEAP,M2,16.454981,30286,302860,True
confirmation,12,1600,COSTLY,M1,166.076116,40713,40713000,True
confirmation,12,1600,COSTLY,M2,170.007046,40713,40713000,True
confirmation,12,1600,CHEAP,M1,17.898066,30286,302860,True
confirmation,12,1600,CHEAP,M2,137.3916,775222,7752220,True
