family,selectivity,threshold,cost,n,median_ms,mean_ms,iqr_ms,std_ms,cv,min_ms,max_ms,ci_low_ms,ci_high_ms
D1_QUALIFIERS,s001,100,1,30,0.5225,0.5386333333333333,0.09325,0.11792910884359162,0.21894134942185461,0.437,1.058,0.4735,0.548
D1_QUALIFIERS,s001,100,10,30,0.479,0.5131333333333333,0.08549999999999996,0.07586909476347985,0.14785454351724017,0.439,0.72,0.4695,0.5215000000000001
D1_QUALIFIERS,s001,100,100,30,0.4855,0.5026333333333334,0.04899999999999993,0.05810423649658065,0.11559964817941636,0.437,0.638,0.47050000000000003,0.5055000000000001
D1_QUALIFIERS,s001,100,1000,30,0.4755,0.5002666666666666,0.05149999999999999,0.07518204725787306,0.1502839430794371,0.443,0.769,0.458,0.5005
D1_QUALIFIERS,s001,100,10000,30,0.4915,0.5200333333333333,0.08899999999999997,0.0657893625891379,0.12650989537043375,0.437,0.719,0.482,0.535
D1_QUALIFIERS,s001,100,100000,30,0.4825,0.5244666666666666,0.08550000000000002,0.09174580074326558,0.17493161448442657,0.435,0.79,0.4745,0.5325
D1_QUALIFIERS,s010,1000,100000,30,3.5965,3.708466666666667,0.11949999999999994,0.3589440195843946,0.096790412816904,3.411,5.076,3.5655,3.65
D2_INDEXED,s001,100,1,30,0.49,0.5075000000000001,0.059250000000000025,0.07672285547165289,0.1511780403382323,0.44,0.846,0.4705,0.5165
D2_INDEXED,s001,100,10,30,0.492,0.4931333333333333,0.05774999999999997,0.043105910734258755,0.08741228349518472,0.438,0.604,0.463,0.504
D2_INDEXED,s001,100,1000,30,0.4735,0.5107,0.09974999999999995,0.07501914698124142,0.14689474638974234,0.44,0.703,0.459,0.522
D2_INDEXED,s001,100,10000,30,0.4995,0.5463333333333333,0.14974999999999994,0.1062999443128713,0.19456975774168023,0.435,0.82,0.484,0.5660000000000001
D2_INDEXED,s001,100,100000,30,0.4945,0.5912000000000001,0.07525000000000004,0.3740949907028501,0.6327723117436571,0.45,2.498,0.4715,0.5185
D2_INDEXED,s010,1000,100,30,3.5765000000000002,3.7440666666666664,0.39825,0.4021946632247086,0.10742187547177987,3.41,5.237,3.5345,3.742
D2_INDEXED,s010,1000,1000,30,3.646,3.7459333333333333,0.4235000000000002,0.3026085366224515,0.08078321467434503,3.394,4.403,3.5505,3.827
D2_INDEXED,s050,5000,100,30,17.651,18.0702,1.0809999999999995,1.1494145256277815,0.06360829020308471,16.812,21.956,17.530475,18.032
D3_JOIN,s001,100,1,30,0.272,0.3006,0.10299999999999998,0.0726449086902908,0.24166636290848573,0.219,0.484,0.255975,0.318
D3_JOIN,s001,100,10,30,0.2565,0.27836666666666665,0.04150000000000004,0.07694175286106583,0.2764043331136361,0.218,0.576,0.2415,0.272
D3_JOIN,s001,100,100,30,0.2565,0.2849333333333333,0.08150000000000002,0.06674032712212172,0.23423137735887362,0.221,0.47,0.2435,0.294
D3_JOIN,s001,100,10000,30,0.2575,0.3085333333333333,0.07575000000000001,0.19385432378612225,0.6283091738962475,0.215,1.284,0.2385,0.2965
D3_JOIN,s001,100,100000,30,0.269,0.29863333333333336,0.08650000000000002,0.08576088785138287,0.2871778809623268,0.217,0.551,0.247,0.3045
D3_JOIN,s010,1000,1,30,1.4765000000000001,1.5446333333333333,0.16725000000000012,0.20514040327900127,0.13280847878396249,1.32,2.2,1.4215,1.5670000000000002
D3_JOIN,s050,5000,100,30,3.2039999999999997,3.3198666666666665,0.17525000000000057,0.33587022671770456,0.1011697939830027,3.038,4.42,3.1515,3.3
D3_JOIN,s050,5000,1000,30,3.2805,3.4136333333333333,0.25775000000000015,0.37986036303133663,0.11127743548848343,3.069,4.77,3.1895,3.3674999999999997
