family,selectivity,threshold,cost,plan_nodes,udf_calls,semantic_valid,high_variance,n,median_ms,mean_ms,iqr_ms,std_ms,cv,min_ms,max_ms,ci_low_ms,ci_high_ms
D1_QUALIFIERS,s001,100,1,Aggregate > Index Scan,100,True,True,10,0.517,0.5215,0.0505000000000001,0.05432668671002208,0.1041738958964949,0.45,0.644,0.482,0.5465
D1_QUALIFIERS,s001,100,10,Aggregate > Index Scan,100,True,True,10,0.512,0.5435,0.058250000000000024,0.1061856340984452,0.19537375179106753,0.46,0.828,0.485,0.557
D1_QUALIFIERS,s001,100,100,Aggregate > Index Scan,100,True,True,10,0.5335000000000001,0.5885,0.023249999999999993,0.22768264951218592,0.3868864052883363,0.459,1.231,0.4995,0.5395000000000001
D1_QUALIFIERS,s001,100,1000,Aggregate > Index Scan,100,True,True,10,0.527,0.7476,0.10949999999999999,0.7017348660443075,0.9386501685985921,0.459,2.738,0.475,0.6
D1_QUALIFIERS,s001,100,10000,Aggregate > Index Scan,100,True,True,10,0.5535,0.5675,0.06374999999999986,0.07880672560130893,0.13886647683050032,0.499,0.769,0.509,0.5845
D1_QUALIFIERS,s001,100,100000,Aggregate > Index Scan,100,True,True,10,0.52,0.5486,0.08999999999999997,0.10275342654464945,0.18730117853563516,0.463,0.804,0.477,0.586
D1_QUALIFIERS,s010,1000,1,Aggregate > Index Scan,1000,True,False,10,3.6105,3.6481,0.13124999999999964,0.14086672188041202,0.03861372272701188,3.513,3.91,3.519,3.77
D1_QUALIFIERS,s010,1000,10,Aggregate > Index Scan,1000,True,False,10,3.7104999999999997,3.7146,0.05049999999999999,0.15727131546047005,0.04233869473441825,3.456,4.099,3.666,3.727
D1_QUALIFIERS,s010,1000,100,Aggregate > Index Scan,1000,True,False,10,3.6100000000000003,3.6303,0.08925000000000027,0.11794259432264305,0.032488387825425735,3.493,3.928,3.553,3.6574999999999998
D1_QUALIFIERS,s010,1000,1000,Aggregate > Index Scan,1000,True,False,10,3.6135,3.643,0.15825000000000022,0.11568251572491174,0.031754739424900286,3.481,3.838,3.5495,3.7409999999999997
D1_QUALIFIERS,s010,1000,10000,Aggregate > Index Scan,1000,True,False,10,3.58,3.5974,0.1429999999999998,0.08583343042065701,0.02385985167639323,3.481,3.707,3.5235000000000003,3.683
D1_QUALIFIERS,s010,1000,100000,Aggregate > Index Scan,1000,True,True,10,3.566,3.7849,0.19399999999999995,0.6258204304040504,0.16534662221037555,3.466,5.539,3.516,3.758
D1_QUALIFIERS,s050,5000,1,Aggregate > Index Scan,5000,True,False,10,17.5575,17.605,0.32649999999999935,0.5190628307076343,0.0294838302020809,16.935,18.808,17.259,17.816499999999998
D1_QUALIFIERS,s050,5000,10,Aggregate > Index Scan,5000,True,False,10,17.3805,17.3978,0.44675000000000153,0.304589268068037,0.01750734392095765,16.99,17.908,17.132,17.637
D1_QUALIFIERS,s050,5000,100,Aggregate > Index Scan,5000,True,False,10,17.3795,17.3921,0.6637500000000038,0.3406622471989916,0.019587183100315177,16.975,17.813,17.034,17.757
D1_QUALIFIERS,s050,5000,1000,Aggregate > Index Scan,5000,True,False,10,17.1875,17.3014,0.24249999999999972,0.33819856100620344,0.019547467893130232,16.891,17.939,17.1,17.5685
D1_QUALIFIERS,s050,5000,10000,Aggregate > Index Scan,5000,True,False,10,17.498,18.0292,0.49975000000000236,1.5622708400843233,0.08665225523508105,16.903,21.616,17.126,18.829
D1_QUALIFIERS,s050,5000,100000,Aggregate > Index Scan,5000,True,False,10,17.301000000000002,17.5777,0.3427499999999988,1.051292860138305,0.05980832874257183,16.945,20.488,17.049,17.567
D2_INDEXED,s001,100,1,Aggregate > Index Scan,100,True,True,10,0.5205,0.5373,0.09425000000000006,0.07198001265783593,0.13396615048917912,0.453,0.683,0.476,0.587
D2_INDEXED,s001,100,10,Aggregate > Index Scan,100,True,True,10,0.5275000000000001,0.5419,0.043749999999999956,0.07557990620675724,0.13947205426602183,0.465,0.735,0.5005,0.5589999999999999
D2_INDEXED,s001,100,100,Aggregate > Index Scan,100,True,False,10,0.544,0.5253,0.06025000000000014,0.04249980392111631,0.08090577559702325,0.459,0.585,0.479,0.556
D2_INDEXED,s001,100,1000,Aggregate > Index Scan,100,True,True,10,0.549,0.5386,0.06474999999999997,0.05452461217957751,0.10123396245744061,0.456,0.621,0.49250000000000005,0.5805
D2_INDEXED,s001,100,10000,Aggregate > Index Scan,100,True,True,10,0.5265,0.5463,0.044499999999999984,0.09384508511371281,0.17178305896707452,0.476,0.801,0.49,0.5509999999999999
D2_INDEXED,s001,100,100000,Aggregate > Index Scan,100,True,True,10,0.528,0.5294,0.05424999999999991,0.05400452655925138,0.10201081707452093,0.446,0.615,0.488,0.567
D2_INDEXED,s010,1000,1,Aggregate > Index Scan,1000,True,False,10,3.556,3.6612,0.19899999999999984,0.229152448043752,0.06258943735489784,3.466,4.248,3.53,3.739
D2_INDEXED,s010,1000,10,Aggregate > Index Scan,1000,True,False,10,3.6420000000000003,3.7311,0.10725000000000051,0.2571387217480522,0.06891767086061809,3.458,4.354,3.588,3.81
D2_INDEXED,s010,1000,100,Aggregate > Index Scan,1000,True,True,10,3.6515,3.7417,0.17700000000000005,0.42690567524402334,0.1140940415436896,3.487,4.928,3.498,3.7135
D2_INDEXED,s010,1000,1000,Aggregate > Index Scan,1000,True,True,10,3.5805,3.7572,0.1875,0.49219594110927456,0.1310007295617147,3.459,5.128,3.536,3.751
D2_INDEXED,s010,1000,10000,Aggregate > Index Scan,1000,True,False,10,3.6175,3.6142,0.09925000000000006,0.07872850676710293,0.021783107400559717,3.507,3.756,3.5465,3.666
D2_INDEXED,s010,1000,100000,Aggregate > Index Scan,1000,True,False,10,3.627,3.6268,0.10325000000000006,0.11655785401822284,0.032137932617796086,3.489,3.906,3.5445,3.6654999999999998
D2_INDEXED,s050,5000,1,Aggregate > Index Scan,5000,True,False,10,17.1905,17.1793,0.40575000000000117,0.22509802802828444,0.013102863797028075,16.925,17.544,16.939,17.413
D2_INDEXED,s050,5000,10,Aggregate > Index Scan,5000,True,False,10,17.4655,17.746,0.2980000000000018,0.9663790376681624,0.05445616125708117,17.024,20.185,17.2265,18.069000000000003
D2_INDEXED,s050,5000,100,Aggregate > Index Scan,5000,True,True,10,17.099,17.8452,0.2547499999999978,2.2596731720415777,0.1266263853608577,16.945,24.262,17.015,17.3455
D2_INDEXED,s050,5000,1000,Aggregate > Index Scan,5000,True,False,10,17.3965,17.3831,0.5722500000000004,0.4096360037344809,0.023565187091743184,16.817,17.916,17.011000000000003,17.769
D2_INDEXED,s050,5000,10000,Aggregate > Index Scan,5000,True,False,10,17.177500000000002,17.2383,0.3062499999999986,0.32155595676854387,0.018653577021431573,16.925,18.013,16.997999999999998,17.388
D2_INDEXED,s050,5000,100000,Aggregate > Index Scan,5000,True,False,10,17.338,17.429299999999998,0.6642500000000027,0.4992674745175285,0.028645296972197882,16.895,18.49,17.019,17.784
D3_JOIN,s001,100,1,Aggregate > Nested Loop > Index Scan > Bitmap Heap Scan > Bitmap Index Scan,10,True,True,10,0.2865,0.2854,0.0655,0.040420566822129335,0.14162777442932495,0.227,0.338,0.247,0.321
D3_JOIN,s001,100,10,Aggregate > Nested Loop > Index Scan > Bitmap Heap Scan > Bitmap Index Scan,10,True,True,10,0.2775,0.2816,0.03375,0.036582327245087434,0.12990883254647526,0.226,0.343,0.251,0.309
D3_JOIN,s001,100,100,Aggregate > Nested Loop > Index Scan > Bitmap Heap Scan > Bitmap Index Scan,10,True,True,10,0.27549999999999997,0.2904,0.09250000000000005,0.04917361532818636,0.16933063129540757,0.228,0.351,0.245,0.343
D3_JOIN,s001,100,1000,Aggregate > Nested Loop > Index Scan > Bitmap Heap Scan > Bitmap Index Scan,10,True,False,10,0.297,0.2998,0.009500000000000064,0.010570398920255247,0.03525816851319295,0.279,0.317,0.2955,0.307
D3_JOIN,s001,100,10000,Aggregate > Nested Loop > Index Scan > Bitmap Heap Scan > Bitmap Index Scan,10,True,True,10,0.3055,0.32,0.07674999999999993,0.06873782720517785,0.21480571001618076,0.258,0.481,0.266,0.35
D3_JOIN,s001,100,100000,Aggregate > Nested Loop > Index Scan > Bitmap Heap Scan > Bitmap Index Scan,10,True,True,10,0.295,0.3122,0.03999999999999998,0.05891198708431267,0.18869951019959216,0.237,0.449,0.27749999999999997,0.338
D3_JOIN,s010,1000,1,Aggregate > Hash Join > Seq Scan > Hash > Index Scan,100,True,True,10,1.5074999999999998,1.5861,0.12950000000000017,0.20307986934537195,0.12803724187968724,1.448,2.101,1.457,1.6595
D3_JOIN,s010,1000,10,Aggregate > Hash Join > Seq Scan > Hash > Index Scan,100,True,False,10,1.508,1.5209,0.043749999999999956,0.11939891121781637,0.07850543179552658,1.399,1.841,1.464,1.522
D3_JOIN,s010,1000,100,Aggregate > Hash Join > Seq Scan > Hash > Index Scan,100,True,False,10,1.457,1.474,0.06424999999999992,0.04453213571243925,0.030211760998941146,1.43,1.551,1.441,1.519
D3_JOIN,s010,1000,1000,Aggregate > Hash Join > Seq Scan > Hash > Index Scan,100,True,False,10,1.471,1.4748999999999999,0.062249999999999917,0.03726019621824639,0.025262862714927378,1.414,1.524,1.447,1.513
D3_JOIN,s010,1000,10000,Aggregate > Hash Join > Seq Scan > Hash > Index Scan,100,True,False,10,1.504,1.4972,0.05424999999999991,0.048223553489048415,0.03220915942362304,1.416,1.582,1.46,1.5255
D3_JOIN,s010,1000,100000,Aggregate > Nested Loop > Index Scan > Index Scan,100,True,False,10,0.9565,0.9842,0.14524999999999988,0.09580744577884677,0.09734550475395932,0.875,1.16,0.9035,1.061
D3_JOIN,s050,5000,1,Aggregate > Hash Join > Seq Scan > Hash > Seq Scan,500,True,False,10,3.2504999999999997,3.2738,0.14625000000000066,0.14738822506865634,0.045020534262525606,3.111,3.56,3.1550000000000002,3.3805
D3_JOIN,s050,5000,10,Aggregate > Hash Join > Seq Scan > Hash > Index Scan,500,True,False,10,3.2735000000000003,3.3213,0.1312499999999992,0.14028150270081935,0.042236926113515594,3.21,3.678,3.2270000000000003,3.366
D3_JOIN,s050,5000,100,Aggregate > Hash Join > Seq Scan > Hash > Index Scan,500,True,True,10,3.3165,3.5181,0.18724999999999925,0.5811097524946939,0.1651771559917836,3.189,5.135,3.257,3.48
D3_JOIN,s050,5000,1000,Aggregate > Hash Join > Seq Scan > Hash > Index Scan,500,True,True,10,3.2715,3.6281,0.13625000000000043,0.9462031083346865,0.26079851942743765,3.193,6.275,3.242,3.5365
D3_JOIN,s050,5000,10000,Aggregate > Hash Join > Index Scan > Hash > Seq Scan,500,True,False,10,4.039999999999999,4.0535,0.11649999999999938,0.12231493957994029,0.03017514236584194,3.904,4.332,3.9675,4.109
D3_JOIN,s050,5000,100000,Aggregate > Nested Loop > Index Scan > Index Scan,500,True,False,10,4.141,4.1475,0.17350000000000065,0.1942611358169433,0.04683812798479645,3.899,4.54,3.988,4.263
