run_id,workload_id,variant,block,ordinal,explain_wall_s
task4-prism-20260903T022253Z,tpch_q6,FULL_NATIVE_SQL,1,1,0.001
task4-prism-20260903T022253Z,tpch_q6,PRISM_SELECTIVE,1,2,0.001
task4-prism-20260903T022253Z,tpch_q6,FULL_NATIVE_SQL,2,3,0.001
task4-prism-20260903T022253Z,tpch_q6,PRISM_SELECTIVE,2,4,0.0
task4-prism-20260903T022253Z,tpch_q6,FULL_NATIVE_SQL,3,5,0.001
task4-prism-20260903T022253Z,tpch_q6,PRISM_SELECTIVE,3,6,0.001
task4-prism-20260903T022253Z,tpch_q6,PRISM_SELECTIVE,4,7,0.0
task4-prism-20260903T022253Z,tpch_q6,FULL_NATIVE_SQL,4,8,0.001
task4-prism-20260903T022253Z,tpch_q6,FULL_NATIVE_SQL,5,9,0.001
task4-prism-20260903T022253Z,tpch_q6,PRISM_SELECTIVE,5,10,0.001
task4-prism-20260903T022253Z,tpch_q6,PRISM_SELECTIVE,6,11,0.0
task4-prism-20260903T022253Z,tpch_q6,FULL_NATIVE_SQL,6,12,0.001
task4-prism-20260903T022253Z,tpch_q6,PRISM_SELECTIVE,7,13,0.001
task4-prism-20260903T022253Z,tpch_q6,FULL_NATIVE_SQL,7,14,0.0
task4-prism-20260903T022253Z,tpch_q6,FULL_NATIVE_SQL,8,15,0.0
task4-prism-20260903T022253Z,tpch_q6,PRISM_SELECTIVE,8,16,0.001
task4-prism-20260903T022253Z,tpch_q6,PRISM_SELECTIVE,9,17,0.001
task4-prism-20260903T022253Z,tpch_q6,FULL_NATIVE_SQL,9,18,0.0
task4-prism-20260903T022253Z,tpch_q6,FULL_NATIVE_SQL,10,19,0.001
task4-prism-20260903T022253Z,tpch_q6,PRISM_SELECTIVE,10,20,0.001
