run_id,workload_id,variant,phase,block,ordinal,runtime_s,result,status,timeout_s
task4-prism-20260903T022253Z,tpch_q6,FULL_NATIVE_SQL,warmup,1,1,0.186,123141078.2283,OK,60
task4-prism-20260903T022253Z,tpch_q6,PRISM_SELECTIVE,warmup,1,2,1.194,123141078.2283,OK,60
task4-prism-20260903T022253Z,tpch_q6,FULL_NATIVE_SQL,warmup,2,3,0.054,123141078.2283,OK,60
task4-prism-20260903T022253Z,tpch_q6,PRISM_SELECTIVE,warmup,2,4,1.192,123141078.2283,OK,60
task4-prism-20260903T022253Z,tpch_q6,FULL_NATIVE_SQL,warmup,3,5,0.054,123141078.2283,OK,60
task4-prism-20260903T022253Z,tpch_q6,PRISM_SELECTIVE,warmup,3,6,1.19,123141078.2283,OK,60
task4-prism-20260903T022253Z,tpch_q6,PRISM_SELECTIVE,measured,1,7,1.197,123141078.2283,OK,60
task4-prism-20260903T022253Z,tpch_q6,FULL_NATIVE_SQL,measured,1,8,0.053,123141078.2283,OK,60
task4-prism-20260903T022253Z,tpch_q6,FULL_NATIVE_SQL,measured,2,9,0.053,123141078.2283,OK,60
task4-prism-20260903T022253Z,tpch_q6,PRISM_SELECTIVE,measured,2,10,1.223,123141078.2283,OK,60
task4-prism-20260903T022253Z,tpch_q6,PRISM_SELECTIVE,measured,3,11,1.21,123141078.2283,OK,60
task4-prism-20260903T022253Z,tpch_q6,FULL_NATIVE_SQL,measured,3,12,0.054,123141078.2283,OK,60
task4-prism-20260903T022253Z,tpch_q6,PRISM_SELECTIVE,measured,4,13,1.192,123141078.2283,OK,60
task4-prism-20260903T022253Z,tpch_q6,FULL_NATIVE_SQL,measured,4,14,0.054,123141078.2283,OK,60
task4-prism-20260903T022253Z,tpch_q6,FULL_NATIVE_SQL,measured,5,15,0.054,123141078.2283,OK,60
task4-prism-20260903T022253Z,tpch_q6,PRISM_SELECTIVE,measured,5,16,1.203,123141078.2283,OK,60
task4-prism-20260903T022253Z,tpch_q6,PRISM_SELECTIVE,measured,6,17,1.237,123141078.2283,OK,60
task4-prism-20260903T022253Z,tpch_q6,FULL_NATIVE_SQL,measured,6,18,0.055,123141078.2283,OK,60
task4-prism-20260903T022253Z,tpch_q6,FULL_NATIVE_SQL,measured,7,19,0.054,123141078.2283,OK,60
task4-prism-20260903T022253Z,tpch_q6,PRISM_SELECTIVE,measured,7,20,1.208,123141078.2283,OK,60
task4-prism-20260903T022253Z,tpch_q6,FULL_NATIVE_SQL,measured,8,21,0.054,123141078.2283,OK,60
task4-prism-20260903T022253Z,tpch_q6,PRISM_SELECTIVE,measured,8,22,1.191,123141078.2283,OK,60
task4-prism-20260903T022253Z,tpch_q6,FULL_NATIVE_SQL,measured,9,23,0.055,123141078.2283,OK,60
task4-prism-20260903T022253Z,tpch_q6,PRISM_SELECTIVE,measured,9,24,1.206,123141078.2283,OK,60
task4-prism-20260903T022253Z,tpch_q6,FULL_NATIVE_SQL,measured,10,25,0.054,123141078.2283,OK,60
task4-prism-20260903T022253Z,tpch_q6,PRISM_SELECTIVE,measured,10,26,1.192,123141078.2283,OK,60
