phase,K,segment,representation,support_calls,reported_units,join_methods,scan_shape,udf_applied_at,signature,total_cost,startup_cost
confirmation,100,COSTLY,M1,2,60,Hash Join|Hash Join,Index Scan:e5_fact|Seq Scan:e5_region|Index Scan:e5_customer,Aggregate:Aggregate|Index Scan:e5_fact,Hash Join|Hash Join||Index Scan:e5_fact|Seq Scan:e5_region|Index Scan:e5_customer,30586.1,30586.09
confirmation,100,COSTLY,M2,2,1000,Nested Loop|Nested Loop,Index Scan:e5_customer|Index Scan:e5_fact|Seq Scan:e5_region,Aggregate:Aggregate|Index Scan:e5_fact,Nested Loop|Nested Loop||Index Scan:e5_customer|Index Scan:e5_fact|Seq Scan:e5_region,188798.47,188798.46
confirmation,100,CHEAP,M1,2,60,Hash Join|Nested Loop,Index Scan:e5_customer|Bitmap Heap Scan:e5_fact|Bitmap Index Scan:e5_fact_cust_idx|Seq Scan:e5_region,Aggregate:Aggregate|Bitmap Heap Scan:e5_fact,Hash Join|Nested Loop||Index Scan:e5_customer|Bitmap Heap Scan:e5_fact|Bitmap Index Scan:e5_fact_cust_idx|Seq Scan:e5_region,37953.61,37953.6
confirmation,100,CHEAP,M2,2,10,Hash Join|Nested Loop,Index Scan:e5_customer|Bitmap Heap Scan:e5_fact|Bitmap Index Scan:e5_fact_cust_idx|Seq Scan:e5_region,Aggregate:Aggregate|Bitmap Heap Scan:e5_fact,Hash Join|Nested Loop||Index Scan:e5_customer|Bitmap Heap Scan:e5_fact|Bitmap Index Scan:e5_fact_cust_idx|Seq Scan:e5_region,29751.11,29751.1
confirmation,200,COSTLY,M1,2,60,Nested Loop|Hash Join,Index Scan:e5_fact|Index Scan:e5_customer|Index Only Scan:e5_region,Aggregate:Aggregate|Index Scan:e5_fact,Nested Loop|Hash Join||Index Scan:e5_fact|Index Scan:e5_customer|Index Only Scan:e5_region,18438.91,18438.9
confirmation,200,COSTLY,M2,2,1000,Nested Loop|Nested Loop,Index Scan:e5_customer|Index Scan:e5_fact|Seq Scan:e5_region,Aggregate:Aggregate|Index Scan:e5_fact,Nested Loop|Nested Loop||Index Scan:e5_customer|Index Scan:e5_fact|Seq Scan:e5_region,108688.47,108688.46
confirmation,200,CHEAP,M1,2,60,Hash Join|Nested Loop,Index Scan:e5_customer|Bitmap Heap Scan:e5_fact|Bitmap Index Scan:e5_fact_cust_idx|Seq Scan:e5_region,Aggregate:Aggregate|Bitmap Heap Scan:e5_fact,Hash Join|Nested Loop||Index Scan:e5_customer|Bitmap Heap Scan:e5_fact|Bitmap Index Scan:e5_fact_cust_idx|Seq Scan:e5_region,33032.11,33032.1
confirmation,200,CHEAP,M2,2,10,Hash Join|Nested Loop,Index Scan:e5_customer|Bitmap Heap Scan:e5_fact|Bitmap Index Scan:e5_fact_cust_idx|Seq Scan:e5_region,Aggregate:Aggregate|Bitmap Heap Scan:e5_fact,Hash Join|Nested Loop||Index Scan:e5_customer|Bitmap Heap Scan:e5_fact|Bitmap Index Scan:e5_fact_cust_idx|Seq Scan:e5_region,28930.86,28930.85
confirmation,400,COSTLY,M1,2,60,Nested Loop|Hash Join,Index Scan:e5_fact|Index Scan:e5_customer|Index Only Scan:e5_region,Aggregate:Aggregate|Index Scan:e5_fact,Nested Loop|Hash Join||Index Scan:e5_fact|Index Scan:e5_customer|Index Only Scan:e5_region,12347.56,12347.55
confirmation,400,COSTLY,M2,2,1000,Nested Loop|Nested Loop,Index Scan:e5_customer|Index Scan:e5_fact|Seq Scan:e5_region,Aggregate:Aggregate|Index Scan:e5_fact,Nested Loop|Nested Loop||Index Scan:e5_customer|Index Scan:e5_fact|Seq Scan:e5_region,68633.47,68633.46
confirmation,400,CHEAP,M1,2,60,Hash Join|Nested Loop,Index Scan:e5_customer|Bitmap Heap Scan:e5_fact|Bitmap Index Scan:e5_fact_cust_idx|Seq Scan:e5_region,Aggregate:Aggregate|Bitmap Heap Scan:e5_fact,Hash Join|Nested Loop||Index Scan:e5_customer|Bitmap Heap Scan:e5_fact|Bitmap Index Scan:e5_fact_cust_idx|Seq Scan:e5_region,30571.36,30571.35
confirmation,400,CHEAP,M2,2,10,Hash Join|Nested Loop,Index Scan:e5_customer|Bitmap Heap Scan:e5_fact|Bitmap Index Scan:e5_fact_cust_idx|Seq Scan:e5_region,Aggregate:Aggregate|Bitmap Heap Scan:e5_fact,Hash Join|Nested Loop||Index Scan:e5_customer|Bitmap Heap Scan:e5_fact|Bitmap Index Scan:e5_fact_cust_idx|Seq Scan:e5_region,28520.74,28520.73
confirmation,800,COSTLY,M1,2,60,Nested Loop|Hash Join,Index Scan:e5_fact|Index Scan:e5_customer|Index Only Scan:e5_region,Aggregate:Aggregate|Index Scan:e5_fact,Nested Loop|Hash Join||Index Scan:e5_fact|Index Scan:e5_customer|Index Only Scan:e5_region,9301.89,9301.88
confirmation,800,COSTLY,M2,2,1000,Nested Loop|Nested Loop,Index Scan:e5_customer|Index Scan:e5_fact|Seq Scan:e5_region,Aggregate:Aggregate|Index Scan:e5_fact,Nested Loop|Nested Loop||Index Scan:e5_customer|Index Scan:e5_fact|Seq Scan:e5_region,48605.97,48605.96
confirmation,800,CHEAP,M1,2,60,Hash Join|Nested Loop,Index Scan:e5_customer|Bitmap Heap Scan:e5_fact|Bitmap Index Scan:e5_fact_cust_idx|Seq Scan:e5_region,Aggregate:Aggregate|Bitmap Heap Scan:e5_fact,Hash Join|Nested Loop||Index Scan:e5_customer|Bitmap Heap Scan:e5_fact|Bitmap Index Scan:e5_fact_cust_idx|Seq Scan:e5_region,29340.99,29340.98
confirmation,800,CHEAP,M2,2,10,Hash Join|Nested Loop,Index Scan:e5_customer|Bitmap Heap Scan:e5_fact|Bitmap Index Scan:e5_fact_cust_idx|Seq Scan:e5_region,Aggregate:Aggregate|Bitmap Heap Scan:e5_fact,Hash Join|Nested Loop||Index Scan:e5_customer|Bitmap Heap Scan:e5_fact|Bitmap Index Scan:e5_fact_cust_idx|Seq Scan:e5_region,28315.67,28315.66
confirmation,1600,COSTLY,M1,2,60,Nested Loop|Hash Join,Index Scan:e5_fact|Index Scan:e5_customer|Index Only Scan:e5_region,Aggregate:Aggregate|Index Scan:e5_fact,Nested Loop|Hash Join||Index Scan:e5_fact|Index Scan:e5_customer|Index Only Scan:e5_region,7779.05,7779.04
confirmation,1600,COSTLY,M2,2,1000,Hash Join|Hash Join,Index Scan:e5_fact|Seq Scan:e5_region|Index Scan:e5_customer,Aggregate:Aggregate|Index Scan:e5_fact,Hash Join|Hash Join||Index Scan:e5_fact|Seq Scan:e5_region|Index Scan:e5_customer,31601.32,31601.31
confirmation,1600,CHEAP,M1,2,60,Hash Join|Nested Loop,Index Scan:e5_customer|Bitmap Heap Scan:e5_fact|Bitmap Index Scan:e5_fact_cust_idx|Seq Scan:e5_region,Aggregate:Aggregate|Bitmap Heap Scan:e5_fact,Hash Join|Nested Loop||Index Scan:e5_customer|Bitmap Heap Scan:e5_fact|Bitmap Index Scan:e5_fact_cust_idx|Seq Scan:e5_region,28725.8,28725.79
confirmation,1600,CHEAP,M2,2,10,Hash Join|Hash Join,Seq Scan:e5_fact|Index Scan:e5_customer|Seq Scan:e5_region,Aggregate:Aggregate|Seq Scan:e5_fact,Hash Join|Hash Join||Seq Scan:e5_fact|Index Scan:e5_customer|Seq Scan:e5_region,24404.6,24404.59
