phase,K,segment,representation,udf_calls,join_methods,scan_shape,plan_total_cost,reported_units,median_ms,iqr_ms,cv,ci_low_ms,ci_high_ms,high_variance,trials
calibration,100,CHEAP,M1,30614,Hash Join|Nested Loop,Index Scan:e5_customer|Bitmap Heap Scan:e5_fact|Bitmap Index Scan:e5_fact_cust_idx|Seq Scan:e5_region,37956.03,60,18.5371095,0.8127740000000045,0.0387923943611735,17.6537385,18.862211,False,10
calibration,100,CHEAP,M2,30614,Hash Join|Nested Loop,Index Scan:e5_customer|Bitmap Heap Scan:e5_fact|Bitmap Index Scan:e5_fact_cust_idx|Seq Scan:e5_region,29754.53,10,18.309400500000002,0.8289962499999959,0.04658443598162016,17.171136500000003,18.535894,False,10
calibration,100,COSTLY,M1,40951,Hash Join|Hash Join,Index Scan:e5_fact|Seq Scan:e5_region|Index Scan:e5_customer,32122.93,60,173.790876,0.4064367500000401,0.0020880099188940555,173.689869,174.17901849999998,False,10
calibration,100,COSTLY,M2,1594,Nested Loop|Nested Loop,Index Scan:e5_customer|Index Scan:e5_fact|Seq Scan:e5_region,188813.55,1000,17.995846,0.3021115000000023,0.01288015324373393,17.6672855,18.0791005,False,10
calibration,200,CHEAP,M1,30614,Hash Join|Nested Loop,Index Scan:e5_customer|Bitmap Heap Scan:e5_fact|Bitmap Index Scan:e5_fact_cust_idx|Seq Scan:e5_region,33035.13,60,18.6117485,0.4780272500000038,0.023697766863736557,18.165874,18.888346,False,10
calibration,200,CHEAP,M2,30614,Hash Join|Nested Loop,Index Scan:e5_customer|Bitmap Heap Scan:e5_fact|Bitmap Index Scan:e5_fact_cust_idx|Seq Scan:e5_region,28934.38,10,18.215833,0.9507895000000026,0.03018549163032548,17.457666,18.582732,False,10
calibration,200,COSTLY,M1,40951,Nested Loop|Hash Join,Index Scan:e5_fact|Index Scan:e5_customer|Index Only Scan:e5_region,19393.25,60,169.9621575,0.25887050000000045,0.002478899021367528,169.66042099999999,170.33608850000002,False,10
calibration,200,COSTLY,M2,1594,Nested Loop|Nested Loop,Index Scan:e5_customer|Index Scan:e5_fact|Seq Scan:e5_region,108698.55,1000,17.9218015,0.22632950000000207,0.021671598662389914,17.7941585,18.116001,False,10
calibration,400,CHEAP,M1,30614,Hash Join|Nested Loop,Index Scan:e5_customer|Bitmap Heap Scan:e5_fact|Bitmap Index Scan:e5_fact_cust_idx|Seq Scan:e5_region,30574.68,60,18.288181,0.5032890000000023,0.027999486540635294,18.083004,18.707703,False,10
calibration,400,CHEAP,M2,30614,Hash Join|Nested Loop,Index Scan:e5_customer|Bitmap Heap Scan:e5_fact|Bitmap Index Scan:e5_fact_cust_idx|Seq Scan:e5_region,28524.31,10,18.318338,0.6568409999999965,0.20095048626954493,17.865744,18.656363,True,10
calibration,400,COSTLY,M1,40951,Nested Loop|Hash Join,Index Scan:e5_fact|Index Scan:e5_customer|Index Only Scan:e5_region,13009.85,60,170.0163195,0.42665524999998183,0.02006604634486555,169.8178765,172.3362755,False,10
calibration,400,COSTLY,M2,1594,Nested Loop|Nested Loop,Index Scan:e5_customer|Index Scan:e5_fact|Seq Scan:e5_region,68641.05,1000,17.9036755,0.17574024999999693,0.012472556498864622,17.7124615,18.0279615,False,10
calibration,800,CHEAP,M1,30614,Hash Join|Nested Loop,Index Scan:e5_customer|Bitmap Heap Scan:e5_fact|Bitmap Index Scan:e5_fact_cust_idx|Seq Scan:e5_region,29344.46,60,18.375715,0.9570094999999981,0.030924971977619682,17.966262,19.028906,False,10
calibration,800,CHEAP,M2,30614,Hash Join|Nested Loop,Index Scan:e5_customer|Bitmap Heap Scan:e5_fact|Bitmap Index Scan:e5_fact_cust_idx|Seq Scan:e5_region,28319.27,10,18.243978,0.9624837500000005,0.031209705115838208,17.537754,18.644296,False,10
calibration,800,COSTLY,M1,40951,Nested Loop|Hash Join,Index Scan:e5_fact|Index Scan:e5_customer|Index Only Scan:e5_region,9818.15,60,170.0315185,0.2136557499999583,0.021382964398166285,169.875974,170.281728,False,10
calibration,800,COSTLY,M2,1594,Nested Loop|Nested Loop,Index Scan:e5_customer|Index Scan:e5_fact|Seq Scan:e5_region,48612.3,1000,17.8344995,0.19129699999999872,0.007599964155709385,17.7455205,18.002982,False,10
calibration,1600,CHEAP,M1,30614,Hash Join|Nested Loop,Index Scan:e5_customer|Bitmap Heap Scan:e5_fact|Bitmap Index Scan:e5_fact_cust_idx|Seq Scan:e5_region,28729.34,60,19.804827,0.3358282499999987,0.015633221632306484,19.660177,20.035163,False,10
calibration,1600,CHEAP,M2,775153,Hash Join|Hash Join,Seq Scan:e5_fact|Index Scan:e5_customer|Seq Scan:e5_region,24406.5,10,134.8502485,0.42609525000000303,0.09441583740900515,134.734677,135.412139,False,10
calibration,1600,COSTLY,M1,40951,Nested Loop|Hash Join,Index Scan:e5_fact|Index Scan:e5_customer|Index Only Scan:e5_region,8222.3,60,169.957042,0.15935550000000376,0.001626161932409696,169.8654435,170.0967925,False,10
calibration,1600,COSTLY,M2,40951,Hash Join|Hash Join,Index Scan:e5_fact|Seq Scan:e5_region|Index Scan:e5_customer,33186.83,1000,173.7930175,0.09506175000001349,0.0033463960375479745,173.728111,174.18136950000002,False,10
confirmation,100,CHEAP,M1,30286,Hash Join|Nested Loop,Index Scan:e5_customer|Bitmap Heap Scan:e5_fact|Bitmap Index Scan:e5_fact_cust_idx|Seq Scan:e5_region,37953.61,60,19.4067005,0.9294830000000012,0.0360065117132155,18.797559,19.844942,False,10
confirmation,100,CHEAP,M2,30286,Hash Join|Nested Loop,Index Scan:e5_customer|Bitmap Heap Scan:e5_fact|Bitmap Index Scan:e5_fact_cust_idx|Seq Scan:e5_region,29751.11,10,19.164455,0.7895477500000005,0.051776947110481725,18.289172,19.3607495,False,10
confirmation,100,COSTLY,M1,40713,Hash Join|Hash Join,Index Scan:e5_fact|Seq Scan:e5_region|Index Scan:e5_customer,30586.1,60,175.33011950000002,0.5980135000000075,0.026476537935428927,175.1498145,175.8931,False,10
confirmation,100,COSTLY,M2,1584,Nested Loop|Nested Loop,Index Scan:e5_customer|Index Scan:e5_fact|Seq Scan:e5_region,188798.47,1000,19.794446999999998,0.46295075000000097,0.19006028552435483,19.612555999999998,20.502907999999998,True,10
confirmation,200,CHEAP,M1,30286,Hash Join|Nested Loop,Index Scan:e5_customer|Bitmap Heap Scan:e5_fact|Bitmap Index Scan:e5_fact_cust_idx|Seq Scan:e5_region,33032.11,60,19.293996,0.6276917500000003,0.06394399897365623,18.9777025,19.924033,False,10
confirmation,200,CHEAP,M2,30286,Hash Join|Nested Loop,Index Scan:e5_customer|Bitmap Heap Scan:e5_fact|Bitmap Index Scan:e5_fact_cust_idx|Seq Scan:e5_region,28930.86,10,18.9081975,1.1092327500000003,0.05465347696915148,18.570064000000002,20.050203,False,10
confirmation,200,COSTLY,M1,40713,Nested Loop|Hash Join,Index Scan:e5_fact|Index Scan:e5_customer|Index Only Scan:e5_region,18438.91,60,171.504255,0.6271105000000148,0.0038560897589923837,171.191771,171.93382250000002,False,10
confirmation,200,COSTLY,M2,1584,Nested Loop|Nested Loop,Index Scan:e5_customer|Index Scan:e5_fact|Seq Scan:e5_region,108688.47,1000,19.6088445,0.6077162499999993,0.09621285298640604,19.484536,20.124766,False,10
confirmation,400,CHEAP,M1,30286,Hash Join|Nested Loop,Index Scan:e5_customer|Bitmap Heap Scan:e5_fact|Bitmap Index Scan:e5_fact_cust_idx|Seq Scan:e5_region,30571.36,60,19.7234795,1.4965289999999989,0.06152193398782167,18.333787,20.186839,False,10
confirmation,400,CHEAP,M2,30286,Hash Join|Nested Loop,Index Scan:e5_customer|Bitmap Heap Scan:e5_fact|Bitmap Index Scan:e5_fact_cust_idx|Seq Scan:e5_region,28520.74,10,18.889226999999998,1.5735327500000018,0.06252602462966322,17.610438,19.548981,False,10
confirmation,400,COSTLY,M1,40713,Nested Loop|Hash Join,Index Scan:e5_fact|Index Scan:e5_customer|Index Only Scan:e5_region,12347.56,60,171.3936515,0.5133735000000001,0.02658310320485595,171.0914685,172.384145,False,10
confirmation,400,COSTLY,M2,1584,Nested Loop|Nested Loop,Index Scan:e5_customer|Index Scan:e5_fact|Seq Scan:e5_region,68633.47,1000,19.6796675,0.3498225000000019,0.055125203913432,19.539389,19.947237,False,10
confirmation,800,CHEAP,M1,30286,Hash Join|Nested Loop,Index Scan:e5_customer|Bitmap Heap Scan:e5_fact|Bitmap Index Scan:e5_fact_cust_idx|Seq Scan:e5_region,29340.99,60,19.399966,0.7050049999999999,0.04741089258572116,19.014210775,19.772379,False,10
confirmation,800,CHEAP,M2,30286,Hash Join|Nested Loop,Index Scan:e5_customer|Bitmap Heap Scan:e5_fact|Bitmap Index Scan:e5_fact_cust_idx|Seq Scan:e5_region,28315.67,10,18.8309,0.6447939999999974,0.04437283152810849,18.2884731,19.1969185,False,10
confirmation,800,COSTLY,M1,40713,Nested Loop|Hash Join,Index Scan:e5_fact|Index Scan:e5_customer|Index Only Scan:e5_region,9301.89,60,171.3091875,0.9427342500000009,0.00979104186874664,170.846073,171.892312,False,10
confirmation,800,COSTLY,M2,1584,Nested Loop|Nested Loop,Index Scan:e5_customer|Index Scan:e5_fact|Seq Scan:e5_region,48605.97,1000,19.7258145,1.4309417500000023,0.23465171036058588,19.304888499999997,25.6044925,True,10
confirmation,1600,CHEAP,M1,30286,Hash Join|Nested Loop,Index Scan:e5_customer|Bitmap Heap Scan:e5_fact|Bitmap Index Scan:e5_fact_cust_idx|Seq Scan:e5_region,28725.8,60,21.2426335,0.1733657500000021,0.05284798357089524,21.098317,21.437176,False,10
confirmation,1600,CHEAP,M2,775222,Hash Join|Hash Join,Seq Scan:e5_fact|Index Scan:e5_customer|Seq Scan:e5_region,24404.6,10,136.4735245,0.487615500000004,0.002644847979139062,136.4121715,136.961326,False,10
confirmation,1600,COSTLY,M1,40713,Nested Loop|Hash Join,Index Scan:e5_fact|Index Scan:e5_customer|Index Only Scan:e5_region,7779.05,60,171.253777,0.22680900000000292,0.012064410222727202,171.126272,171.83253150000002,False,10
confirmation,1600,COSTLY,M2,40713,Hash Join|Hash Join,Index Scan:e5_fact|Seq Scan:e5_region|Index Scan:e5_customer,31601.32,1000,175.30398150000002,0.34878424999999424,0.010880502040047157,175.110199,175.604786,False,10
heldout_scale,100,CHEAP,M1,60924,Hash Join|Nested Loop,Index Scan:e5_customer|Index Scan:e5_fact|Seq Scan:e5_region,77309.11,60,29.7930985,1.5076604999999965,0.15086838200880226,28.957946,30.7076285,True,10
heldout_scale,100,CHEAP,M2,60924,Hash Join|Nested Loop,Index Scan:e5_customer|Index Scan:e5_fact|Seq Scan:e5_region,60503.11,10,29.866627,1.3967950000000044,0.026194704291466964,29.124993,30.699494,False,10
heldout_scale,100,COSTLY,M1,81600,Hash Join|Hash Join,Index Scan:e5_fact|Seq Scan:e5_region|Index Scan:e5_customer,58180.79,60,349.92310050000003,8.477274749999992,0.018247814545097586,347.671178,358.3447,False,10
heldout_scale,100,COSTLY,M2,3198,Nested Loop|Nested Loop,Index Scan:e5_customer|Index Scan:e5_fact|Seq Scan:e5_region,385566.53,1000,37.2407535,0.8481332500000036,0.08630101694996548,37.052895500000005,39.667243,False,10
heldout_scale,200,CHEAP,M1,60924,Hash Join|Nested Loop,Index Scan:e5_customer|Index Scan:e5_fact|Seq Scan:e5_region,67225.51,60,30.466431,1.4297597500000023,0.027747833252909363,29.506071,31.138829,False,10
heldout_scale,200,CHEAP,M2,60924,Hash Join|Nested Loop,Index Scan:e5_customer|Index Scan:e5_fact|Seq Scan:e5_region,58822.51,10,30.440663,1.3487885000000013,0.03246899320815325,29.271998,30.865671,False,10
heldout_scale,200,COSTLY,M1,81600,Nested Loop|Hash Join,Index Scan:e5_fact|Index Scan:e5_customer|Index Only Scan:e5_region,35084.91,60,340.74791849999997,0.33581849999990254,0.0009473992774088044,340.4007265,340.815696,False,10
heldout_scale,200,COSTLY,M2,3198,Nested Loop|Nested Loop,Index Scan:e5_customer|Index Scan:e5_fact|Seq Scan:e5_region,221361.53,1000,37.176055500000004,1.041881250000003,0.0252448613487327,36.860859,38.0273825,False,10
heldout_scale,400,CHEAP,M1,60924,Hash Join|Nested Loop,Index Scan:e5_customer|Index Scan:e5_fact|Seq Scan:e5_region,62183.71,60,30.980715500000002,1.1798089999999988,0.06892182768279254,30.249073,31.8608265,False,10
heldout_scale,400,CHEAP,M2,60924,Hash Join|Nested Loop,Index Scan:e5_customer|Index Scan:e5_fact|Seq Scan:e5_region,57982.21,10,30.552249,1.1586290000000012,0.09430717564334178,29.950899,31.287468,False,10
heldout_scale,400,COSTLY,M1,81600,Nested Loop|Hash Join,Index Scan:e5_fact|Index Scan:e5_customer|Index Only Scan:e5_region,23502.81,60,340.8004975,0.5561780000000454,0.009960140992102795,340.395651,343.242081,False,10
heldout_scale,400,COSTLY,M2,3198,Nested Loop|Nested Loop,Index Scan:e5_customer|Index Scan:e5_fact|Seq Scan:e5_region,139259.03,1000,38.0934305,1.1862410000000025,0.016663557132571793,37.420441,38.759503499999994,False,10
heldout_scale,800,CHEAP,M1,60924,Hash Join|Nested Loop,Index Scan:e5_customer|Index Scan:e5_fact|Seq Scan:e5_region,59662.81,60,30.87409,0.8025407500000021,0.029158952553793444,29.966103500000003,31.24102,False,10
heldout_scale,800,CHEAP,M2,60924,Hash Join|Nested Loop,Index Scan:e5_customer|Index Scan:e5_fact|Seq Scan:e5_region,57562.06,10,30.517148,0.9743154999999994,0.18839590239838044,29.818604,31.196407,True,10
heldout_scale,800,COSTLY,M1,81600,Nested Loop|Hash Join,Index Scan:e5_fact|Index Scan:e5_customer|Index Only Scan:e5_region,17711.76,60,340.98159499999997,3.055439750000005,0.0165691047826186,340.4641705,344.456392,False,10
heldout_scale,800,COSTLY,M2,3198,Nested Loop|Nested Loop,Index Scan:e5_customer|Index Scan:e5_fact|Seq Scan:e5_region,98207.78,1000,37.5185715,0.751847000000005,0.017559678889932567,37.010097,38.047085,False,10
heldout_scale,1600,CHEAP,M1,60924,Hash Join|Nested Loop,Index Scan:e5_customer|Index Scan:e5_fact|Seq Scan:e5_region,58402.36,60,32.1370405,0.9649022500000015,0.11363684440443993,31.846033,33.041927,True,10
heldout_scale,1600,CHEAP,M2,1550461,Hash Join|Hash Join,Seq Scan:e5_fact|Index Scan:e5_customer|Seq Scan:e5_region,48803.89,10,275.9495425,1.3665717500000483,0.003690636901266356,275.183766,276.685362,False,10
heldout_scale,1600,COSTLY,M1,81600,Nested Loop|Hash Join,Index Scan:e5_fact|Index Scan:e5_customer|Index Only Scan:e5_region,14816.24,60,340.87699250000003,0.6849227499999415,0.016337838743883438,340.537499,341.413344,False,10
heldout_scale,1600,COSTLY,M2,81600,Hash Join|Hash Join,Index Scan:e5_fact|Seq Scan:e5_region|Index Scan:e5_customer,60111.14,1000,348.077476,0.9977740000000495,0.003267912919622491,347.569214,348.789303,False,10
