reported_costly_units,true_costly_units,relative_error,join_methods,scan_shape,udf_calls,support_elapsed_ns,support_calls,result,median_ms,iqr_ms,cv,ci_low_ms,ci_high_ms,high_variance,trials
60,1000,-0.94,Nested Loop|Hash Join,Index Scan:e5_fact|Index Scan:e5_customer|Index Only Scan:e5_region,40713,122,2,"[[792, ""407743""]]",169.271295,0.6252375000000256,0.005385119238936359,168.781323,169.57336500000002,False,10
125,1000,-0.875,Nested Loop|Hash Join,Index Scan:e5_fact|Index Scan:e5_customer|Index Only Scan:e5_region,40713,138,2,"[[792, ""407743""]]",170.11595749999998,1.1881622500000049,0.02924162858949299,169.142136,170.695128,False,10
250,1000,-0.75,Hash Join|Hash Join,Index Scan:e5_fact|Seq Scan:e5_region|Index Scan:e5_customer,40713,255,2,"[[792, ""407743""]]",175.73225100000002,11.815929250000039,0.06008207937669578,172.739979,188.1256405,False,10
400,1000,-0.6,Nested Loop|Nested Loop,Index Scan:e5_customer|Bitmap Heap Scan:e5_fact|Bitmap Index Scan:e5_fact_cust_idx|Seq Scan:e5_region,1584,107,2,"[[792, ""407743""]]",21.637828,3.711591000000002,0.1646059441596903,21.19065,25.847206,True,10
500,1000,-0.5,Nested Loop|Nested Loop,Index Scan:e5_customer|Index Scan:e5_fact|Seq Scan:e5_region,1584,192,2,"[[792, ""407743""]]",17.252385,5.768124749999998,0.22036237516620324,16.900555,22.804918,True,10
625,1000,-0.375,Nested Loop|Nested Loop,Index Scan:e5_customer|Index Scan:e5_fact|Seq Scan:e5_region,1584,247,2,"[[792, ""407743""]]",16.34274,0.2743802500000001,0.23217792044821928,16.170002,19.022633499999998,True,10
750,1000,-0.25,Nested Loop|Nested Loop,Index Scan:e5_customer|Index Scan:e5_fact|Seq Scan:e5_region,1584,132,2,"[[792, ""407743""]]",15.9186115,0.5879157499999987,0.09656335178179269,15.7576225,17.23308,False,10
900,1000,-0.1,Nested Loop|Nested Loop,Index Scan:e5_customer|Index Scan:e5_fact|Seq Scan:e5_region,1584,152,2,"[[792, ""407743""]]",16.6846655,0.3387937499999971,0.01915072979386364,16.392038,16.802189,False,10
1000,1000,0.0,Nested Loop|Nested Loop,Index Scan:e5_customer|Index Scan:e5_fact|Seq Scan:e5_region,1584,118,2,"[[792, ""407743""]]",16.1290775,7.033971999999999,0.27587776953204013,15.970311,24.887354,True,10
1250,1000,0.25,Nested Loop|Nested Loop,Index Scan:e5_customer|Index Scan:e5_fact|Seq Scan:e5_region,1584,168,2,"[[792, ""407743""]]",14.857734,0.5205122500000012,0.13421759818754816,14.707437,15.417009499999999,True,10
2000,1000,1.0,Nested Loop|Nested Loop,Index Scan:e5_customer|Index Scan:e5_fact|Seq Scan:e5_region,1584,82,2,"[[792, ""407743""]]",15.269065,0.8770385000000012,0.03841835347424069,14.855405,15.914564,False,10
4000,1000,3.0,Hash Join|Nested Loop,Index Scan:e5_customer|Bitmap Heap Scan:e5_fact|Bitmap Index Scan:e5_fact_cust_idx|Bitmap Index Scan:e5_fact_segment_idx|Seq Scan:e5_region,1584,124,2,"[[792, ""407743""]]",462.02880849999997,18.34574150000003,0.02089760192290795,461.062864,481.611036,False,10
