phase,block,position,arm,elapsed_ms,udf_calls
warmup,0,0,R0,1958.259138,6001215
warmup,1,0,R0,1933.252992,6001215
warmup,2,0,R0,1953.509785,6001215
warmup,0,0,R4A,1004.672094,0
warmup,1,0,R4A,1023.872519,0
warmup,2,0,R4A,1067.917805,0
measured,0,0,R0,2027.198076,6001215
measured,0,1,R4A,1024.290634,0
measured,1,0,R4A,1034.760585,0
measured,1,1,R0,2020.44943,6001215
measured,2,0,R4A,1032.864714,0
measured,2,1,R0,2031.96387,6001215
measured,3,0,R4A,1028.861882,0
measured,3,1,R0,2105.860573,6001215
measured,4,0,R0,2143.857109,6001215
measured,4,1,R4A,1099.938929,0
measured,5,0,R0,2093.781233,6001215
measured,5,1,R4A,1052.94936,0
measured,6,0,R4A,1056.122108,0
measured,6,1,R0,2007.454457,6001215
measured,7,0,R0,1998.567051,6001215
measured,7,1,R4A,1017.320504,0
measured,8,0,R4A,1042.212894,0
measured,8,1,R0,2148.191595,6001215
measured,9,0,R0,2090.818824,6001215
measured,9,1,R4A,1141.068414,0
