cell,variant,K_B,phase,block,elapsed_ms,udf_calls,position
R0,R0,,warmup,0,1962.116625,6001215,
R0,R0,,warmup,1,1985.310305,6001215,
R0,R0,,warmup,2,1980.944898,6001215,
R4A,R4A,,warmup,0,9194.674355,0,
R4A,R4A,,warmup,1,9276.563028,0,
R4A,R4A,,warmup,2,9165.122394,0,
R1_K0.25,R1,0.25,warmup,0,1917.033983,6001215,
R1_K0.25,R1,0.25,warmup,1,1928.51697,6001215,
R1_K0.25,R1,0.25,warmup,2,1964.925591,6001215,
R1_K0.5,R1,0.5,warmup,0,1933.281141,6001215,
R1_K0.5,R1,0.5,warmup,1,1922.62623,6001215,
R1_K0.5,R1,0.5,warmup,2,1916.424102,6001215,
R1_K1,R1,1.0,warmup,0,1946.944169,6001215,
R1_K1,R1,1.0,warmup,1,1959.572052,6001215,
R1_K1,R1,1.0,warmup,2,2028.506374,6001215,
R1_K2,R1,2.0,warmup,0,2013.129912,6001215,
R1_K2,R1,2.0,warmup,1,2016.540143,6001215,
R1_K2,R1,2.0,warmup,2,1909.89166,6001215,
R1_K4,R1,4.0,warmup,0,1952.074384,6001215,
R1_K4,R1,4.0,warmup,1,1888.500899,6001215,
R1_K4,R1,4.0,warmup,2,1921.627197,6001215,
R2_K0.25,R2,0.25,warmup,0,1967.296069,6001215,
R2_K0.25,R2,0.25,warmup,1,2005.079576,6001215,
R2_K0.25,R2,0.25,warmup,2,1939.692838,6001215,
R2_K0.5,R2,0.5,warmup,0,1941.739832,6001215,
R2_K0.5,R2,0.5,warmup,1,1972.033513,6001215,
R2_K0.5,R2,0.5,warmup,2,1966.78291,6001215,
R2_K1,R2,1.0,warmup,0,1946.605078,6001215,
R2_K1,R2,1.0,warmup,1,1966.63585,6001215,
R2_K1,R2,1.0,warmup,2,1985.319271,6001215,
R2_K2,R2,2.0,warmup,0,1973.47211,6001215,
R2_K2,R2,2.0,warmup,1,1970.645206,6001215,
R2_K2,R2,2.0,warmup,2,1939.49852,6001215,
R2_K4,R2,4.0,warmup,0,1960.275351,6001215,
R2_K4,R2,4.0,warmup,1,1898.749434,6001215,
R2_K4,R2,4.0,warmup,2,1968.027859,6001215,
R1_K4,R1,4.0,measured,0,2492.823874,6001215,0
R1_K2,R1,2.0,measured,0,1977.437333,6001215,1
R2_K1,R2,1.0,measured,0,1909.723229,6001215,2
R4A,R4A,,measured,0,9025.849332,0,3
R1_K0.25,R1,0.25,measured,0,1943.162379,6001215,4
R2_K0.25,R2,0.25,measured,0,1921.678341,6001215,5
R2_K4,R2,4.0,measured,0,1894.424388,6001215,6
R1_K0.5,R1,0.5,measured,0,1886.732224,6001215,7
R0,R0,,measured,0,1875.178659,6001215,8
R1_K1,R1,1.0,measured,0,1873.318064,6001215,9
R2_K0.5,R2,0.5,measured,0,1986.954589,6001215,10
R2_K2,R2,2.0,measured,0,2001.586505,6001215,11
R4A,R4A,,measured,1,9008.625538,0,0
R1_K0.25,R1,0.25,measured,1,1902.891444,6001215,1
R2_K1,R2,1.0,measured,1,1988.982263,6001215,2
R2_K4,R2,4.0,measured,1,1914.656783,6001215,3
R1_K0.5,R1,0.5,measured,1,1915.350698,6001215,4
R1_K4,R1,4.0,measured,1,2002.13159,6001215,5
R1_K2,R1,2.0,measured,1,1903.696445,6001215,6
R1_K1,R1,1.0,measured,1,1880.135752,6001215,7
R2_K2,R2,2.0,measured,1,1970.632614,6001215,8
R2_K0.25,R2,0.25,measured,1,2003.168522,6001215,9
R0,R0,,measured,1,1931.845248,6001215,10
R2_K0.5,R2,0.5,measured,1,1965.45923,6001215,11
R4A,R4A,,measured,2,8987.677704,0,0
R2_K2,R2,2.0,measured,2,1924.912997,6001215,1
R2_K1,R2,1.0,measured,2,1889.333239,6001215,2
R1_K4,R1,4.0,measured,2,1868.42104,6001215,3
R1_K0.25,R1,0.25,measured,2,1871.078676,6001215,4
R2_K4,R2,4.0,measured,2,1901.697552,6001215,5
R1_K2,R1,2.0,measured,2,1936.539035,6001215,6
R2_K0.25,R2,0.25,measured,2,2003.660995,6001215,7
R1_K0.5,R1,0.5,measured,2,1983.230477,6001215,8
R0,R0,,measured,2,1920.67095,6001215,9
R2_K0.5,R2,0.5,measured,2,1931.301214,6001215,10
R1_K1,R1,1.0,measured,2,1913.42079,6001215,11
R2_K0.5,R2,0.5,measured,3,1929.009852,6001215,0
R0,R0,,measured,3,1913.116771,6001215,1
R2_K1,R2,1.0,measured,3,1985.618517,6001215,2
R1_K1,R1,1.0,measured,3,1977.476343,6001215,3
R2_K0.25,R2,0.25,measured,3,1940.012352,6001215,4
R1_K2,R1,2.0,measured,3,1900.969492,6001215,5
R1_K4,R1,4.0,measured,3,1914.969436,6001215,6
R2_K4,R2,4.0,measured,3,1934.569942,6001215,7
R2_K2,R2,2.0,measured,3,2096.840972,6001215,8
R4A,R4A,,measured,3,9425.364604,0,9
R1_K0.5,R1,0.5,measured,3,1983.961683,6001215,10
R1_K0.25,R1,0.25,measured,3,1930.045561,6001215,11
R1_K0.5,R1,0.5,measured,4,1970.720714,6001215,0
R2_K1,R2,1.0,measured,4,2046.955432,6001215,1
R1_K0.25,R1,0.25,measured,4,1999.855204,6001215,2
R2_K0.25,R2,0.25,measured,4,2039.072691,6001215,3
R1_K4,R1,4.0,measured,4,1997.048695,6001215,4
R1_K1,R1,1.0,measured,4,1972.915156,6001215,5
R4A,R4A,,measured,4,9610.358063,0,6
R2_K4,R2,4.0,measured,4,2031.009893,6001215,7
R2_K0.5,R2,0.5,measured,4,2015.013488,6001215,8
R1_K2,R1,2.0,measured,4,1946.489787,6001215,9
R2_K2,R2,2.0,measured,4,1993.968423,6001215,10
R0,R0,,measured,4,2002.747761,6001215,11
R1_K0.5,R1,0.5,measured,5,1983.826301,6001215,0
R1_K1,R1,1.0,measured,5,1973.950534,6001215,1
R4A,R4A,,measured,5,9351.58816,0,2
R1_K0.25,R1,0.25,measured,5,2046.16181,6001215,3
R2_K0.25,R2,0.25,measured,5,1940.946188,6001215,4
R1_K2,R1,2.0,measured,5,1926.549658,6001215,5
R2_K0.5,R2,0.5,measured,5,1926.631034,6001215,6
R0,R0,,measured,5,1916.036477,6001215,7
R2_K2,R2,2.0,measured,5,1962.849599,6001215,8
R1_K4,R1,4.0,measured,5,1956.112574,6001215,9
R2_K1,R2,1.0,measured,5,1964.839425,6001215,10
R2_K4,R2,4.0,measured,5,1969.538403,6001215,11
R2_K0.5,R2,0.5,measured,6,1984.398229,6001215,0
R1_K0.5,R1,0.5,measured,6,1970.50373,6001215,1
R1_K4,R1,4.0,measured,6,1979.634994,6001215,2
R1_K1,R1,1.0,measured,6,1986.534683,6001215,3
R0,R0,,measured,6,1988.962173,6001215,4
R2_K0.25,R2,0.25,measured,6,2042.215816,6001215,5
R2_K2,R2,2.0,measured,6,2015.466134,6001215,6
R1_K2,R1,2.0,measured,6,1957.693969,6001215,7
R2_K4,R2,4.0,measured,6,1945.049206,6001215,8
R4A,R4A,,measured,6,9022.493021,0,9
R1_K0.25,R1,0.25,measured,6,1902.491616,6001215,10
R2_K1,R2,1.0,measured,6,1933.9974,6001215,11
R2_K0.25,R2,0.25,measured,7,1966.874983,6001215,0
R1_K2,R1,2.0,measured,7,2005.124693,6001215,1
R2_K4,R2,4.0,measured,7,2011.945104,6001215,2
R2_K2,R2,2.0,measured,7,2037.103941,6001215,3
R1_K0.5,R1,0.5,measured,7,2006.000601,6001215,4
R1_K4,R1,4.0,measured,7,1947.856453,6001215,5
R2_K1,R2,1.0,measured,7,1988.359615,6001215,6
R4A,R4A,,measured,7,9037.337594,0,7
R1_K0.25,R1,0.25,measured,7,1907.878806,6001215,8
R1_K1,R1,1.0,measured,7,1915.234676,6001215,9
R0,R0,,measured,7,1906.406888,6001215,10
R2_K0.5,R2,0.5,measured,7,1997.253356,6001215,11
R1_K4,R1,4.0,measured,8,1998.257687,6001215,0
R1_K0.5,R1,0.5,measured,8,1974.67971,6001215,1
R2_K4,R2,4.0,measured,8,2031.47852,6001215,2
R0,R0,,measured,8,2000.345661,6001215,3
R2_K0.5,R2,0.5,measured,8,1982.70591,6001215,4
R1_K1,R1,1.0,measured,8,1918.164174,6001215,5
R2_K0.25,R2,0.25,measured,8,1945.256707,6001215,6
R2_K2,R2,2.0,measured,8,1933.421761,6001215,7
R1_K0.25,R1,0.25,measured,8,1908.709595,6001215,8
R4A,R4A,,measured,8,9061.844888,0,9
R2_K1,R2,1.0,measured,8,1991.188432,6001215,10
R1_K2,R1,2.0,measured,8,2019.253166,6001215,11
R2_K0.5,R2,0.5,measured,9,2073.600603,6001215,0
R2_K0.25,R2,0.25,measured,9,2062.074034,6001215,1
R1_K0.25,R1,0.25,measured,9,1997.897757,6001215,2
R2_K2,R2,2.0,measured,9,1967.786719,6001215,3
R0,R0,,measured,9,1942.952705,6001215,4
R4A,R4A,,measured,9,9069.982607,0,5
R1_K4,R1,4.0,measured,9,1897.71214,6001215,6
R1_K0.5,R1,0.5,measured,9,1886.052144,6001215,7
R2_K1,R2,1.0,measured,9,2017.268096,6001215,8
R1_K1,R1,1.0,measured,9,1943.587051,6001215,9
R2_K4,R2,4.0,measured,9,2007.318324,6001215,10
R1_K2,R1,2.0,measured,9,1973.344058,6001215,11
