phase,block,order_position,case,work_units_per_call,invocations,exact_work,elapsed_ms,semantic_counter_valid,output_hash
warmup,1,1,native,,0,0,97.159507,True,f9804c91baaebdd7d65c8447889d7178daa895a8db5445e9f73dedc88f1ec824
warmup,1,2,work_1000,1000,10000,10000000,10439.598409,True,31a13ceb29fae772e8d34e5209153ae4b77c920f2d3817ff12948ab6b41892bd
warmup,1,3,work_10,10,10000,100000,17.633501,True,33c3abad593d9da72425cb4a79279528d79e6d376406f648f7858718fd264880
warmup,1,4,work_100,100,10000,1000000,111.932511,True,ec239abb3a36027d177a08f68653fc4da2cc35c1eef6b4912aa3a0e5bedae1b8
warmup,1,5,work_1,1,10000,10000,8.155701,True,f9804c91baaebdd7d65c8447889d7178daa895a8db5445e9f73dedc88f1ec824
warmup,1,6,work_0,0,10000,0,6.118301,True,74a3e1ab11198308f8ff49f3c3ccf6fcc51656b9dd12c447b710034193adf8c6
warmup,2,1,work_10,10,10000,100000,17.096401,True,33c3abad593d9da72425cb4a79279528d79e6d376406f648f7858718fd264880
warmup,2,2,work_100,100,10000,1000000,110.978011,True,ec239abb3a36027d177a08f68653fc4da2cc35c1eef6b4912aa3a0e5bedae1b8
warmup,2,3,work_1000,1000,10000,10000000,1061.554604,True,31a13ceb29fae772e8d34e5209153ae4b77c920f2d3817ff12948ab6b41892bd
warmup,2,4,work_1,1,10000,10000,8.207401,True,f9804c91baaebdd7d65c8447889d7178daa895a8db5445e9f73dedc88f1ec824
warmup,2,5,work_0,0,10000,0,6.269601,True,74a3e1ab11198308f8ff49f3c3ccf6fcc51656b9dd12c447b710034193adf8c6
warmup,2,6,native,,0,0,0.8723,True,f9804c91baaebdd7d65c8447889d7178daa895a8db5445e9f73dedc88f1ec824
warmup,3,1,work_1,1,10000,10000,8.181301,True,f9804c91baaebdd7d65c8447889d7178daa895a8db5445e9f73dedc88f1ec824
warmup,3,2,work_100,100,10000,1000000,115.255211,True,ec239abb3a36027d177a08f68653fc4da2cc35c1eef6b4912aa3a0e5bedae1b8
warmup,3,3,work_10,10,10000,100000,17.682102,True,33c3abad593d9da72425cb4a79279528d79e6d376406f648f7858718fd264880
warmup,3,4,work_0,0,10000,0,6.3971,True,74a3e1ab11198308f8ff49f3c3ccf6fcc51656b9dd12c447b710034193adf8c6
warmup,3,5,native,,0,0,0.9206,True,f9804c91baaebdd7d65c8447889d7178daa895a8db5445e9f73dedc88f1ec824
warmup,3,6,work_1000,1000,10000,10000000,1072.739205,True,31a13ceb29fae772e8d34e5209153ae4b77c920f2d3817ff12948ab6b41892bd
measured,1,1,work_1,1,10000,10000,8.301101,True,f9804c91baaebdd7d65c8447889d7178daa895a8db5445e9f73dedc88f1ec824
measured,1,2,native,,0,0,0.7372,True,f9804c91baaebdd7d65c8447889d7178daa895a8db5445e9f73dedc88f1ec824
measured,1,3,work_10,10,10000,100000,18.032502,True,33c3abad593d9da72425cb4a79279528d79e6d376406f648f7858718fd264880
measured,1,4,work_0,0,10000,0,6.412701,True,74a3e1ab11198308f8ff49f3c3ccf6fcc51656b9dd12c447b710034193adf8c6
measured,1,5,work_100,100,10000,1000000,110.801911,True,ec239abb3a36027d177a08f68653fc4da2cc35c1eef6b4912aa3a0e5bedae1b8
measured,1,6,work_1000,1000,10000,10000000,1076.389205,True,31a13ceb29fae772e8d34e5209153ae4b77c920f2d3817ff12948ab6b41892bd
measured,2,1,native,,0,0,0.8595,True,f9804c91baaebdd7d65c8447889d7178daa895a8db5445e9f73dedc88f1ec824
measured,2,2,work_1000,1000,10000,10000000,1077.059906,True,31a13ceb29fae772e8d34e5209153ae4b77c920f2d3817ff12948ab6b41892bd
measured,2,3,work_10,10,10000,100000,17.592801,True,33c3abad593d9da72425cb4a79279528d79e6d376406f648f7858718fd264880
measured,2,4,work_0,0,10000,0,6.164801,True,74a3e1ab11198308f8ff49f3c3ccf6fcc51656b9dd12c447b710034193adf8c6
measured,2,5,work_1,1,10000,10000,8.014801,True,f9804c91baaebdd7d65c8447889d7178daa895a8db5445e9f73dedc88f1ec824
measured,2,6,work_100,100,10000,1000000,115.867411,True,ec239abb3a36027d177a08f68653fc4da2cc35c1eef6b4912aa3a0e5bedae1b8
measured,3,1,native,,0,0,0.892,True,f9804c91baaebdd7d65c8447889d7178daa895a8db5445e9f73dedc88f1ec824
measured,3,2,work_10,10,10000,100000,17.579502,True,33c3abad593d9da72425cb4a79279528d79e6d376406f648f7858718fd264880
measured,3,3,work_100,100,10000,1000000,109.725111,True,ec239abb3a36027d177a08f68653fc4da2cc35c1eef6b4912aa3a0e5bedae1b8
measured,3,4,work_1000,1000,10000,10000000,1077.865293,True,31a13ceb29fae772e8d34e5209153ae4b77c920f2d3817ff12948ab6b41892bd
measured,3,5,work_0,0,10000,0,6.8394,True,74a3e1ab11198308f8ff49f3c3ccf6fcc51656b9dd12c447b710034193adf8c6
measured,3,6,work_1,1,10000,10000,7.808301,True,f9804c91baaebdd7d65c8447889d7178daa895a8db5445e9f73dedc88f1ec824
measured,4,1,work_1,1,10000,10000,7.975701,True,f9804c91baaebdd7d65c8447889d7178daa895a8db5445e9f73dedc88f1ec824
measured,4,2,work_10,10,10000,100000,17.270401,True,33c3abad593d9da72425cb4a79279528d79e6d376406f648f7858718fd264880
measured,4,3,native,,0,0,0.8235,True,f9804c91baaebdd7d65c8447889d7178daa895a8db5445e9f73dedc88f1ec824
measured,4,4,work_100,100,10000,1000000,110.551808,True,ec239abb3a36027d177a08f68653fc4da2cc35c1eef6b4912aa3a0e5bedae1b8
measured,4,5,work_0,0,10000,0,6.288901,True,74a3e1ab11198308f8ff49f3c3ccf6fcc51656b9dd12c447b710034193adf8c6
measured,4,6,work_1000,1000,10000,10000000,1129.061887,True,31a13ceb29fae772e8d34e5209153ae4b77c920f2d3817ff12948ab6b41892bd
measured,5,1,work_100,100,10000,1000000,110.528908,True,ec239abb3a36027d177a08f68653fc4da2cc35c1eef6b4912aa3a0e5bedae1b8
measured,5,2,work_1,1,10000,10000,8.392701,True,f9804c91baaebdd7d65c8447889d7178daa895a8db5445e9f73dedc88f1ec824
measured,5,3,native,,0,0,0.9368,True,f9804c91baaebdd7d65c8447889d7178daa895a8db5445e9f73dedc88f1ec824
measured,5,4,work_1000,1000,10000,10000000,1061.968082,True,31a13ceb29fae772e8d34e5209153ae4b77c920f2d3817ff12948ab6b41892bd
measured,5,5,work_0,0,10000,0,6.3499,True,74a3e1ab11198308f8ff49f3c3ccf6fcc51656b9dd12c447b710034193adf8c6
measured,5,6,work_10,10,10000,100000,17.843302,True,33c3abad593d9da72425cb4a79279528d79e6d376406f648f7858718fd264880
measured,6,1,work_1,1,10000,10000,8.3831,True,f9804c91baaebdd7d65c8447889d7178daa895a8db5445e9f73dedc88f1ec824
measured,6,2,work_10,10,10000,100000,17.592902,True,33c3abad593d9da72425cb4a79279528d79e6d376406f648f7858718fd264880
measured,6,3,native,,0,0,1.2121,True,f9804c91baaebdd7d65c8447889d7178daa895a8db5445e9f73dedc88f1ec824
measured,6,4,work_1000,1000,10000,10000000,1107.283785,True,31a13ceb29fae772e8d34e5209153ae4b77c920f2d3817ff12948ab6b41892bd
measured,6,5,work_0,0,10000,0,6.567401,True,74a3e1ab11198308f8ff49f3c3ccf6fcc51656b9dd12c447b710034193adf8c6
measured,6,6,work_100,100,10000,1000000,112.489708,True,ec239abb3a36027d177a08f68653fc4da2cc35c1eef6b4912aa3a0e5bedae1b8
measured,7,1,work_0,0,10000,0,6.450101,True,74a3e1ab11198308f8ff49f3c3ccf6fcc51656b9dd12c447b710034193adf8c6
measured,7,2,work_1000,1000,10000,10000000,1082.042883,True,31a13ceb29fae772e8d34e5209153ae4b77c920f2d3817ff12948ab6b41892bd
measured,7,3,work_1,1,10000,10000,8.335801,True,f9804c91baaebdd7d65c8447889d7178daa895a8db5445e9f73dedc88f1ec824
measured,7,4,native,,0,0,0.9413,True,f9804c91baaebdd7d65c8447889d7178daa895a8db5445e9f73dedc88f1ec824
measured,7,5,work_10,10,10000,100000,17.607201,True,33c3abad593d9da72425cb4a79279528d79e6d376406f648f7858718fd264880
measured,7,6,work_100,100,10000,1000000,113.091109,True,ec239abb3a36027d177a08f68653fc4da2cc35c1eef6b4912aa3a0e5bedae1b8
measured,8,1,work_10,10,10000,100000,18.919201,True,33c3abad593d9da72425cb4a79279528d79e6d376406f648f7858718fd264880
measured,8,2,work_100,100,10000,1000000,112.074409,True,ec239abb3a36027d177a08f68653fc4da2cc35c1eef6b4912aa3a0e5bedae1b8
measured,8,3,work_0,0,10000,0,6.338901,True,74a3e1ab11198308f8ff49f3c3ccf6fcc51656b9dd12c447b710034193adf8c6
measured,8,4,work_1,1,10000,10000,8.0061,True,f9804c91baaebdd7d65c8447889d7178daa895a8db5445e9f73dedc88f1ec824
measured,8,5,native,,0,0,0.8414,True,f9804c91baaebdd7d65c8447889d7178daa895a8db5445e9f73dedc88f1ec824
measured,8,6,work_1000,1000,10000,10000000,1089.628484,True,31a13ceb29fae772e8d34e5209153ae4b77c920f2d3817ff12948ab6b41892bd
measured,9,1,work_1000,1000,10000,10000000,1077.782783,True,31a13ceb29fae772e8d34e5209153ae4b77c920f2d3817ff12948ab6b41892bd
measured,9,2,native,,0,0,0.928,True,f9804c91baaebdd7d65c8447889d7178daa895a8db5445e9f73dedc88f1ec824
measured,9,3,work_100,100,10000,1000000,112.316509,True,ec239abb3a36027d177a08f68653fc4da2cc35c1eef6b4912aa3a0e5bedae1b8
measured,9,4,work_10,10,10000,100000,17.616101,True,33c3abad593d9da72425cb4a79279528d79e6d376406f648f7858718fd264880
measured,9,5,work_1,1,10000,10000,7.940901,True,f9804c91baaebdd7d65c8447889d7178daa895a8db5445e9f73dedc88f1ec824
measured,9,6,work_0,0,10000,0,6.297,True,74a3e1ab11198308f8ff49f3c3ccf6fcc51656b9dd12c447b710034193adf8c6
measured,10,1,work_100,100,10000,1000000,114.361209,True,ec239abb3a36027d177a08f68653fc4da2cc35c1eef6b4912aa3a0e5bedae1b8
measured,10,2,work_10,10,10000,100000,17.574901,True,33c3abad593d9da72425cb4a79279528d79e6d376406f648f7858718fd264880
measured,10,3,work_0,0,10000,0,6.0851,True,74a3e1ab11198308f8ff49f3c3ccf6fcc51656b9dd12c447b710034193adf8c6
measured,10,4,work_1,1,10000,10000,8.112201,True,f9804c91baaebdd7d65c8447889d7178daa895a8db5445e9f73dedc88f1ec824
measured,10,5,native,,0,0,0.7985,True,f9804c91baaebdd7d65c8447889d7178daa895a8db5445e9f73dedc88f1ec824
measured,10,6,work_1000,1000,10000,10000000,1062.601977,True,31a13ceb29fae772e8d34e5209153ae4b77c920f2d3817ff12948ab6b41892bd
diagnostic30,1,1,native,,0,0,1.2409,True,f9804c91baaebdd7d65c8447889d7178daa895a8db5445e9f73dedc88f1ec824
diagnostic30,2,1,native,,0,0,0.8273,True,f9804c91baaebdd7d65c8447889d7178daa895a8db5445e9f73dedc88f1ec824
diagnostic30,3,1,native,,0,0,0.7846,True,f9804c91baaebdd7d65c8447889d7178daa895a8db5445e9f73dedc88f1ec824
diagnostic30,4,1,native,,0,0,0.6678,True,f9804c91baaebdd7d65c8447889d7178daa895a8db5445e9f73dedc88f1ec824
diagnostic30,5,1,native,,0,0,0.5783,True,f9804c91baaebdd7d65c8447889d7178daa895a8db5445e9f73dedc88f1ec824
diagnostic30,6,1,native,,0,0,0.5356,True,f9804c91baaebdd7d65c8447889d7178daa895a8db5445e9f73dedc88f1ec824
diagnostic30,7,1,native,,0,0,0.5942,True,f9804c91baaebdd7d65c8447889d7178daa895a8db5445e9f73dedc88f1ec824
diagnostic30,8,1,native,,0,0,0.5938,True,f9804c91baaebdd7d65c8447889d7178daa895a8db5445e9f73dedc88f1ec824
diagnostic30,9,1,native,,0,0,0.5945,True,f9804c91baaebdd7d65c8447889d7178daa895a8db5445e9f73dedc88f1ec824
diagnostic30,10,1,native,,0,0,0.5749,True,f9804c91baaebdd7d65c8447889d7178daa895a8db5445e9f73dedc88f1ec824
diagnostic30,11,1,native,,0,0,0.5894,True,f9804c91baaebdd7d65c8447889d7178daa895a8db5445e9f73dedc88f1ec824
diagnostic30,12,1,native,,0,0,0.6334,True,f9804c91baaebdd7d65c8447889d7178daa895a8db5445e9f73dedc88f1ec824
diagnostic30,13,1,native,,0,0,0.7406,True,f9804c91baaebdd7d65c8447889d7178daa895a8db5445e9f73dedc88f1ec824
diagnostic30,14,1,native,,0,0,0.762201,True,f9804c91baaebdd7d65c8447889d7178daa895a8db5445e9f73dedc88f1ec824
diagnostic30,15,1,native,,0,0,0.6345,True,f9804c91baaebdd7d65c8447889d7178daa895a8db5445e9f73dedc88f1ec824
diagnostic30,16,1,native,,0,0,0.6771,True,f9804c91baaebdd7d65c8447889d7178daa895a8db5445e9f73dedc88f1ec824
diagnostic30,17,1,native,,0,0,0.5807,True,f9804c91baaebdd7d65c8447889d7178daa895a8db5445e9f73dedc88f1ec824
diagnostic30,18,1,native,,0,0,0.5788,True,f9804c91baaebdd7d65c8447889d7178daa895a8db5445e9f73dedc88f1ec824
diagnostic30,19,1,native,,0,0,0.5586,True,f9804c91baaebdd7d65c8447889d7178daa895a8db5445e9f73dedc88f1ec824
diagnostic30,20,1,native,,0,0,0.5737,True,f9804c91baaebdd7d65c8447889d7178daa895a8db5445e9f73dedc88f1ec824
diagnostic30,21,1,native,,0,0,0.5775,True,f9804c91baaebdd7d65c8447889d7178daa895a8db5445e9f73dedc88f1ec824
diagnostic30,22,1,native,,0,0,0.615,True,f9804c91baaebdd7d65c8447889d7178daa895a8db5445e9f73dedc88f1ec824
diagnostic30,23,1,native,,0,0,0.5878,True,f9804c91baaebdd7d65c8447889d7178daa895a8db5445e9f73dedc88f1ec824
diagnostic30,24,1,native,,0,0,0.5584,True,f9804c91baaebdd7d65c8447889d7178daa895a8db5445e9f73dedc88f1ec824
diagnostic30,25,1,native,,0,0,0.6826,True,f9804c91baaebdd7d65c8447889d7178daa895a8db5445e9f73dedc88f1ec824
diagnostic30,26,1,native,,0,0,0.7451,True,f9804c91baaebdd7d65c8447889d7178daa895a8db5445e9f73dedc88f1ec824
diagnostic30,27,1,native,,0,0,0.5756,True,f9804c91baaebdd7d65c8447889d7178daa895a8db5445e9f73dedc88f1ec824
diagnostic30,28,1,native,,0,0,0.5825,True,f9804c91baaebdd7d65c8447889d7178daa895a8db5445e9f73dedc88f1ec824
diagnostic30,29,1,native,,0,0,0.6439,True,f9804c91baaebdd7d65c8447889d7178daa895a8db5445e9f73dedc88f1ec824
diagnostic30,30,1,native,,0,0,0.5939,True,f9804c91baaebdd7d65c8447889d7178daa895a8db5445e9f73dedc88f1ec824
